step,oos_start,oos_end,ticker,signal_time,direction,entry,sl,tp1,rr1,outcome,actual_rr,params_used
0,2023-04-01,2023-05-01,ENPG,2023-04-25 07:00:00+00:00,BUY,475.0,471.4975,480.0,1.4,WIN_TP1,1.0473947180585292,"{""bias_swing"": 10, ""ob_swing"": 10, ""sl_buffer"": 25, ""min_rr"": 1.0}"
0,2023-04-01,2023-05-01,FLOT,2023-04-03 07:00:00+00:00,BUY,58.31,57.5075,59.3,1.2,WIN_TP1,1.0110828660436142,"{""bias_swing"": 10, ""ob_swing"": 10, ""sl_buffer"": 25, ""min_rr"": 1.0}"
0,2023-04-01,2023-05-01,FLOT,2023-04-24 07:00:00+00:00,BUY,58.31,57.5075,59.3,1.2,WIN_TP1,1.0110828660436142,"{""bias_swing"": 10, ""ob_swing"": 10, ""sl_buffer"": 25, ""min_rr"": 1.0}"
0,2023-04-01,2023-05-01,TRNFP,2023-04-11 13:00:00+00:00,BUY,1254.0,1236.4975,1282.5,1.6,LOSS,-1.1862819597200394,"{""bias_swing"": 10, ""ob_swing"": 10, ""sl_buffer"": 25, ""min_rr"": 1.0}"
0,2023-04-01,2023-05-01,SNGSP,2023-04-07 12:00:00+00:00,BUY,33.98,33.3575,34.885,1.5,WIN_TP1,1.358075502008031,"{""bias_swing"": 10, ""ob_swing"": 10, ""sl_buffer"": 25, ""min_rr"": 1.0}"
0,2023-04-01,2023-05-01,SNGSP,2023-04-11 13:00:00+00:00,BUY,33.98,33.3575,34.66,1.1,WIN_TP1,0.9580755020080312,"{""bias_swing"": 10, ""ob_swing"": 10, ""sl_buffer"": 25, ""min_rr"": 1.0}"
0,2023-04-01,2023-05-01,SNGSP,2023-04-13 07:00:00+00:00,BUY,33.98,33.3575,34.885,1.5,WIN_TP1,1.358075502008031,"{""bias_swing"": 10, ""ob_swing"": 10, ""sl_buffer"": 25, ""min_rr"": 1.0}"
0,2023-04-01,2023-05-01,AFKS,2023-04-11 13:00:00+00:00,BUY,14.394,14.2505,14.68,2.0,WIN_TP1,1.739202787456445,"{""bias_swing"": 10, ""ob_swing"": 10, ""sl_buffer"": 25, ""min_rr"": 1.0}"
0,2023-04-01,2023-05-01,AFKS,2023-04-25 07:00:00+00:00,BUY,14.889,14.7985,14.987,1.1,WIN_TP1,0.6722497237569001,"{""bias_swing"": 10, ""ob_swing"": 10, ""sl_buffer"": 25, ""min_rr"": 1.0}"
0,2023-04-01,2023-05-01,NLMK,2023-04-14 08:00:00+00:00,BUY,129.98,129.1975,131.2,1.6,WIN_TP1,1.1681175718849834,"{""bias_swing"": 10, ""ob_swing"": 10, ""sl_buffer"": 25, ""min_rr"": 1.0}"
0,2023-04-01,2023-05-01,ETLN,2023-04-24 07:00:00+00:00,BUY,62.56,61.9975,63.16,1.1,WIN_TP1,0.8108337777777779,"{""bias_swing"": 10, ""ob_swing"": 10, ""sl_buffer"": 25, ""min_rr"": 1.0}"
0,2023-04-01,2023-05-01,SNGS,2023-04-17 07:00:00+00:00,BUY,24.575,24.45213,24.82,2.0,WIN_TP1,1.4799788394237767,"{""bias_swing"": 10, ""ob_swing"": 10, ""sl_buffer"": 25, ""min_rr"": 1.0}"
0,2023-04-01,2023-05-01,SNGS,2023-04-20 08:00:00+00:00,BUY,24.575,24.45213,24.82,2.0,WIN_TP1,1.4799788394237767,"{""bias_swing"": 10, ""ob_swing"": 10, ""sl_buffer"": 25, ""min_rr"": 1.0}"
1,2023-05-01,2023-06-01,ENPG,2023-05-10 07:00:00+00:00,BUY,434.0,429.9975,437.0,0.7,WIN_TP1,0.4180762023735164,"{""bias_swing"": 10, ""ob_swing"": 10, ""sl_buffer"": 25, ""min_rr"": 0.5}"
1,2023-05-01,2023-06-01,ENPG,2023-05-11 11:00:00+00:00,BUY,453.0,450.735,459.5,2.9,LOSS,-1.5200000000000031,"{""bias_swing"": 10, ""ob_swing"": 10, ""sl_buffer"": 25, ""min_rr"": 0.5}"
1,2023-05-01,2023-06-01,ENPG,2023-05-17 07:00:00+00:00,BUY,458.39999,451.79749,465.0,1.0,WIN_TP1,0.8194865620598264,"{""bias_swing"": 10, ""ob_swing"": 10, ""sl_buffer"": 25, ""min_rr"": 0.5}"
1,2023-05-01,2023-06-01,ENPG,2023-05-18 07:00:00+00:00,BUY,458.39999,451.79749,465.0,1.0,LOSS,-1.1805134379401736,"{""bias_swing"": 10, ""ob_swing"": 10, ""sl_buffer"": 25, ""min_rr"": 0.5}"
1,2023-05-01,2023-06-01,ENPG,2023-05-31 07:00:00+00:00,BUY,434.0,429.9975,440.0,1.5,EXPIRED,,"{""bias_swing"": 10, ""ob_swing"": 10, ""sl_buffer"": 25, ""min_rr"": 0.5}"
1,2023-05-01,2023-06-01,NVTK,2023-05-04 07:00:00+00:00,BUY,1230.59998,1204.9975,1254.8,0.9,WIN_TP1,0.7750292960681935,"{""bias_swing"": 10, ""ob_swing"": 10, ""sl_buffer"": 25, ""min_rr"": 0.5}"
1,2023-05-01,2023-06-01,NVTK,2023-05-08 07:00:00+00:00,BUY,1230.59998,1204.9975,1252.6,0.9,WIN_TP1,0.7750292960681935,"{""bias_swing"": 10, ""ob_swing"": 10, ""sl_buffer"": 25, ""min_rr"": 0.5}"
1,2023-05-01,2023-06-01,NVTK,2023-05-10 07:00:00+00:00,BUY,1230.59998,1204.9975,1252.6,0.9,WIN_TP1,0.7750292960681935,"{""bias_swing"": 10, ""ob_swing"": 10, ""sl_buffer"": 25, ""min_rr"": 0.5}"
1,2023-05-01,2023-06-01,NVTK,2023-05-15 07:00:00+00:00,BUY,1274.19995,1245.79755,1290.0,0.6,WIN_TP1,0.4833577489930426,"{""bias_swing"": 10, ""ob_swing"": 10, ""sl_buffer"": 25, ""min_rr"": 0.5}"
1,2023-05-01,2023-06-01,NVTK,2023-05-18 13:00:00+00:00,BUY,1274.19995,1245.79755,1290.0,0.6,WIN_TP1,0.4833577489930426,"{""bias_swing"": 10, ""ob_swing"": 10, ""sl_buffer"": 25, ""min_rr"": 0.5}"
1,2023-05-01,2023-06-01,NVTK,2023-05-19 07:00:00+00:00,BUY,1274.19995,1245.79755,1290.0,0.6,WIN_TP1,0.4833577489930426,"{""bias_swing"": 10, ""ob_swing"": 10, ""sl_buffer"": 25, ""min_rr"": 0.5}"
1,2023-05-01,2023-06-01,NVTK,2023-05-22 07:00:00+00:00,BUY,1274.19995,1245.79755,1290.0,0.6,WIN_TP1,0.4833577489930426,"{""bias_swing"": 10, ""ob_swing"": 10, ""sl_buffer"": 25, ""min_rr"": 0.5}"
1,2023-05-01,2023-06-01,NVTK,2023-05-23 07:00:00+00:00,BUY,1265.59998,1259.19745,1274.8,1.4,WIN_TP1,0.8860531777281848,"{""bias_swing"": 10, ""ob_swing"": 10, ""sl_buffer"": 25, ""min_rr"": 0.5}"
1,2023-05-01,2023-06-01,NVTK,2023-05-30 13:00:00+00:00,BUY,1265.59998,1259.19745,1274.8,1.4,WIN_TP1,0.8860531777281848,"{""bias_swing"": 10, ""ob_swing"": 10, ""sl_buffer"": 25, ""min_rr"": 0.5}"
1,2023-05-01,2023-06-01,OZON,2023-05-10 07:00:00+00:00,BUY,1582.5,1565.9975,1649.5,4.1,WIN_TP1,3.850674140281776,"{""bias_swing"": 10, ""ob_swing"": 10, ""sl_buffer"": 25, ""min_rr"": 0.5}"
1,2023-05-01,2023-06-01,OZON,2023-05-16 07:00:00+00:00,BUY,1678.5,1669.9975,1687.5,1.1,WIN_TP1,0.5867274331079129,"{""bias_swing"": 10, ""ob_swing"": 10, ""sl_buffer"": 25, ""min_rr"": 0.5}"
1,2023-05-01,2023-06-01,FLOT,2023-05-10 07:00:00+00:00,BUY,56.16,55.7175,57.98,4.1,WIN_TP1,3.770020338983047,"{""bias_swing"": 10, ""ob_swing"": 10, ""sl_buffer"": 25, ""min_rr"": 0.5}"
1,2023-05-01,2023-06-01,VKCO,2023-05-24 07:00:00+00:00,BUY,531.79999,527.9975,540.4,2.3,WIN_TP1,1.9363751189352272,"{""bias_swing"": 10, ""ob_swing"": 10, ""sl_buffer"": 25, ""min_rr"": 0.5}"
1,2023-05-01,2023-06-01,TRNFP,2023-05-08 08:00:00+00:00,BUY,1126.5,1120.8675,1135.5,1.6,WIN_TP1,1.0799999999999943,"{""bias_swing"": 10, ""ob_swing"": 10, ""sl_buffer"": 25, ""min_rr"": 0.5}"
1,2023-05-01,2023-06-01,TRNFP,2023-05-19 07:00:00+00:00,BUY,1199.0,1187.4975,1210.0,1.0,WIN_TP1,0.7289806563790493,"{""bias_swing"": 10, ""ob_swing"": 10, ""sl_buffer"": 25, ""min_rr"": 0.5}"
1,2023-05-01,2023-06-01,TRNFP,2023-05-25 07:00:00+00:00,BUY,1267.0,1260.665,1275.0,1.3,WIN_TP1,0.780000000000003,"{""bias_swing"": 10, ""ob_swing"": 10, ""sl_buffer"": 25, ""min_rr"": 0.5}"
1,2023-05-01,2023-06-01,SNGSP,2023-05-10 07:00:00+00:00,BUY,33.125,32.8575,33.76,2.4,WIN_TP1,2.078037383177568,"{""bias_swing"": 10, ""ob_swing"": 10, ""sl_buffer"": 25, ""min_rr"": 0.5}"
1,2023-05-01,2023-06-01,CHMF,2023-05-02 07:00:00+00:00,SELL,999.59998,1005.60248,990.2,1.6,WIN_TP1,1.1670204168263265,"{""bias_swing"": 10, ""ob_swing"": 10, ""sl_buffer"": 25, ""min_rr"": 0.5}"
1,2023-05-01,2023-06-01,CHMF,2023-05-08 12:00:00+00:00,SELL,958.20001,972.60248,950.2,0.6,LOSS,-1.1729786644929656,"{""bias_swing"": 10, ""ob_swing"": 10, ""sl_buffer"": 25, ""min_rr"": 0.5}"
1,2023-05-01,2023-06-01,CHMF,2023-05-11 08:00:00+00:00,SELL,999.59998,1005.60248,990.2,1.6,WIN_TP1,1.1670204168263265,"{""bias_swing"": 10, ""ob_swing"": 10, ""sl_buffer"": 25, ""min_rr"": 0.5}"
1,2023-05-01,2023-06-01,CHMF,2023-05-15 07:00:00+00:00,SELL,999.59998,1005.60248,990.2,1.6,WIN_TP1,1.1670204168263265,"{""bias_swing"": 10, ""ob_swing"": 10, ""sl_buffer"": 25, ""min_rr"": 0.5}"
1,2023-05-01,2023-06-01,PHOR,2023-05-02 12:00:00+00:00,BUY,7177.0,7141.115,7215.0,1.1,WIN_TP1,0.5800000000000033,"{""bias_swing"": 10, ""ob_swing"": 10, ""sl_buffer"": 25, ""min_rr"": 0.5}"
1,2023-05-01,2023-06-01,PHOR,2023-05-15 07:00:00+00:00,BUY,7115.0,7049.9975,7227.0,1.7,WIN_TP1,1.4154109457328548,"{""bias_swing"": 10, ""ob_swing"": 10, ""sl_buffer"": 25, ""min_rr"": 0.5}"
1,2023-05-01,2023-06-01,PHOR,2023-05-18 07:00:00+00:00,SELL,7368.0,7439.0025,7282.0,1.2,WIN_TP1,0.9301954156543768,"{""bias_swing"": 10, ""ob_swing"": 10, ""sl_buffer"": 25, ""min_rr"": 0.5}"
1,2023-05-01,2023-06-01,PHOR,2023-05-19 13:00:00+00:00,SELL,7368.0,7439.0025,7282.0,1.2,WIN_TP1,0.9301954156543768,"{""bias_swing"": 10, ""ob_swing"": 10, ""sl_buffer"": 25, ""min_rr"": 0.5}"
1,2023-05-01,2023-06-01,PHOR,2023-05-22 13:00:00+00:00,SELL,7368.0,7439.0025,7331.0,0.5,WIN_TP1,0.23019541565437684,"{""bias_swing"": 10, ""ob_swing"": 10, ""sl_buffer"": 25, ""min_rr"": 0.5}"
1,2023-05-01,2023-06-01,AFKS,2023-05-18 13:00:00+00:00,BUY,15.62,15.4615,15.708,0.6,WIN_TP1,0.3437728706624607,"{""bias_swing"": 10, ""ob_swing"": 10, ""sl_buffer"": 25, ""min_rr"": 0.5}"
1,2023-05-01,2023-06-01,AFKS,2023-05-23 07:00:00+00:00,BUY,15.62,15.4615,15.708,0.6,WIN_TP1,0.3437728706624607,"{""bias_swing"": 10, ""ob_swing"": 10, ""sl_buffer"": 25, ""min_rr"": 0.5}"
1,2023-05-01,2023-06-01,AFKS,2023-05-24 08:00:00+00:00,BUY,15.62,15.4615,15.708,0.6,WIN_TP1,0.3437728706624607,"{""bias_swing"": 10, ""ob_swing"": 10, ""sl_buffer"": 25, ""min_rr"": 0.5}"
1,2023-05-01,2023-06-01,AFKS,2023-05-25 07:00:00+00:00,BUY,15.62,15.4615,15.708,0.6,WIN_TP1,0.3437728706624607,"{""bias_swing"": 10, ""ob_swing"": 10, ""sl_buffer"": 25, ""min_rr"": 0.5}"
1,2023-05-01,2023-06-01,AFKS,2023-06-01 13:00:00+00:00,BUY,15.62,15.4615,15.708,0.6,WIN_TP1,0.3437728706624607,"{""bias_swing"": 10, ""ob_swing"": 10, ""sl_buffer"": 25, ""min_rr"": 0.5}"
1,2023-05-01,2023-06-01,NLMK,2023-05-05 07:00:00+00:00,BUY,127.7,126.5575,128.4,0.6,WIN_TP1,0.3093916849015313,"{""bias_swing"": 10, ""ob_swing"": 10, ""sl_buffer"": 25, ""min_rr"": 0.5}"
1,2023-05-01,2023-06-01,MAGN,2023-05-04 07:00:00+00:00,SELL,38.15,38.5225,37.935,0.6,WIN_TP1,0.3337181208053708,"{""bias_swing"": 10, ""ob_swing"": 10, ""sl_buffer"": 25, ""min_rr"": 0.5}"
1,2023-05-01,2023-06-01,MAGN,2023-05-05 07:00:00+00:00,SELL,38.15,38.5225,37.935,0.6,WIN_TP1,0.3337181208053708,"{""bias_swing"": 10, ""ob_swing"": 10, ""sl_buffer"": 25, ""min_rr"": 0.5}"
1,2023-05-01,2023-06-01,MAGN,2023-05-08 07:00:00+00:00,SELL,38.15,38.5225,37.935,0.6,WIN_TP1,0.3337181208053708,"{""bias_swing"": 10, ""ob_swing"": 10, ""sl_buffer"": 25, ""min_rr"": 0.5}"
1,2023-05-01,2023-06-01,MAGN,2023-05-22 07:00:00+00:00,SELL,39.45,39.8025,39.255,0.6,WIN_TP1,0.3090212765957439,"{""bias_swing"": 10, ""ob_swing"": 10, ""sl_buffer"": 25, ""min_rr"": 0.5}"
1,2023-05-01,2023-06-01,MAGN,2023-05-24 14:00:00+00:00,SELL,39.45,39.8025,39.255,0.6,LOSS,-1.290978723404256,"{""bias_swing"": 10, ""ob_swing"": 10, ""sl_buffer"": 25, ""min_rr"": 0.5}"
1,2023-05-01,2023-06-01,ETLN,2023-05-24 07:00:00+00:00,BUY,72.6,71.5575,76.84,4.1,WIN_TP1,3.918935251798559,"{""bias_swing"": 10, ""ob_swing"": 10, ""sl_buffer"": 25, ""min_rr"": 0.5}"
1,2023-05-01,2023-06-01,RUAL,2023-05-10 07:00:00+00:00,BUY,39.845,39.6075,40.455,2.6,WIN_TP1,2.163802105263153,"{""bias_swing"": 10, ""ob_swing"": 10, ""sl_buffer"": 25, ""min_rr"": 0.5}"
1,2023-05-01,2023-06-01,SNGS,2023-05-04 07:00:00+00:00,BUY,23.735,23.2575,23.97,0.5,LOSS,-1.1292376963350788,"{""bias_swing"": 10, ""ob_swing"": 10, ""sl_buffer"": 25, ""min_rr"": 0.5}"
1,2023-05-01,2023-06-01,SNGS,2023-05-10 07:00:00+00:00,BUY,23.35,23.1375,23.725,1.8,WIN_TP1,1.514305882352944,"{""bias_swing"": 10, ""ob_swing"": 10, ""sl_buffer"": 25, ""min_rr"": 0.5}"
1,2023-05-01,2023-06-01,SNGS,2023-05-22 11:00:00+00:00,BUY,23.92,23.3975,24.345,0.8,WIN_TP1,0.680972248803828,"{""bias_swing"": 10, ""ob_swing"": 10, ""sl_buffer"": 25, ""min_rr"": 0.5}"
1,2023-05-01,2023-06-01,SNGS,2023-05-26 07:00:00+00:00,BUY,24.165,24.0025,24.345,1.1,WIN_TP1,0.7133599999999951,"{""bias_swing"": 10, ""ob_swing"": 10, ""sl_buffer"": 25, ""min_rr"": 0.5}"
1,2023-05-01,2023-06-01,IRKT,2023-05-18 07:00:00+00:00,SELL,61.0,61.9525,60.2,0.8,WIN_TP1,0.6334908136482942,"{""bias_swing"": 10, ""ob_swing"": 10, ""sl_buffer"": 25, ""min_rr"": 0.5}"
1,2023-05-01,2023-06-01,MGNT,2023-05-10 07:00:00+00:00,BUY,4429.0,4406.855,4482.0,2.4,WIN_TP1,1.88000000000001,"{""bias_swing"": 10, ""ob_swing"": 10, ""sl_buffer"": 25, ""min_rr"": 0.5}"
1,2023-05-01,2023-06-01,MGNT,2023-05-16 07:00:00+00:00,BUY,4525.5,4500.4975,4540.0,0.6,WIN_TP1,0.12939506049394306,"{""bias_swing"": 10, ""ob_swing"": 10, ""sl_buffer"": 25, ""min_rr"": 0.5}"
1,2023-05-01,2023-06-01,MGNT,2023-05-19 07:00:00+00:00,BUY,4588.5,4557.9975,4605.0,0.5,WIN_TP1,0.1088812392426799,"{""bias_swing"": 10, ""ob_swing"": 10, ""sl_buffer"": 25, ""min_rr"": 0.5}"
1,2023-05-01,2023-06-01,MOEX,2023-05-11 07:00:00+00:00,SELL,111.17,111.72585,110.57,1.1,WIN_TP1,0.5799999999999931,"{""bias_swing"": 10, ""ob_swing"": 10, ""sl_buffer"": 25, ""min_rr"": 0.5}"
3,2023-07-01,2023-08-01,ENPG,2023-07-21 07:00:00+00:00,BUY,509.20001,503.79749,522.6,2.5,WIN_TP1,2.2549439842888153,"{""bias_swing"": 10, ""ob_swing"": 10, ""sl_buffer"": 25, ""min_rr"": 1.0}"
3,2023-07-01,2023-08-01,NVTK,2023-07-26 07:00:00+00:00,BUY,1471.0,1463.645,1498.6,3.8,WIN_TP1,3.280000000000001,"{""bias_swing"": 10, ""ob_swing"": 10, ""sl_buffer"": 25, ""min_rr"": 1.0}"
3,2023-07-01,2023-08-01,OZON,2023-07-21 07:00:00+00:00,BUY,2074.5,2049.9975,2126.5,2.1,WIN_TP1,1.879871441689624,"{""bias_swing"": 10, ""ob_swing"": 10, ""sl_buffer"": 25, ""min_rr"": 1.0}"
3,2023-07-01,2023-08-01,VKCO,2023-07-27 07:00:00+00:00,BUY,677.0,670.79749,687.0,1.6,WIN_TP1,1.3162116626978415,"{""bias_swing"": 10, ""ob_swing"": 10, ""sl_buffer"": 25, ""min_rr"": 1.0}"
3,2023-07-01,2023-08-01,VKCO,2023-08-01 07:00:00+00:00,BUY,718.79999,710.59748,733.8,1.8,WIN_TP1,1.5721575500669906,"{""bias_swing"": 10, ""ob_swing"": 10, ""sl_buffer"": 25, ""min_rr"": 1.0}"
3,2023-07-01,2023-08-01,SNGSP,2023-07-26 08:00:00+00:00,BUY,42.985,42.7075,43.305,1.2,WIN_TP1,0.7972576576576522,"{""bias_swing"": 10, ""ob_swing"": 10, ""sl_buffer"": 25, ""min_rr"": 1.0}"
3,2023-07-01,2023-08-01,CHMF,2023-07-21 07:00:00+00:00,BUY,1238.0,1231.79755,1250.0,1.9,WIN_TP1,1.381043781086506,"{""bias_swing"": 10, ""ob_swing"": 10, ""sl_buffer"": 25, ""min_rr"": 1.0}"
3,2023-07-01,2023-08-01,NLMK,2023-07-25 08:00:00+00:00,BUY,191.46001,190.50271,192.78,1.4,WIN_TP1,0.8799999728402819,"{""bias_swing"": 10, ""ob_swing"": 10, ""sl_buffer"": 25, ""min_rr"": 1.0}"
3,2023-07-01,2023-08-01,POSI,2023-07-28 07:00:00+00:00,BUY,2153.0,2139.9975,2168.8,1.2,WIN_TP1,0.7694827917708151,"{""bias_swing"": 10, ""ob_swing"": 10, ""sl_buffer"": 25, ""min_rr"": 1.0}"
3,2023-07-01,2023-08-01,MAGN,2023-07-27 07:00:00+00:00,BUY,52.29,51.8375,52.87,1.3,WIN_TP1,0.9995491712707187,"{""bias_swing"": 10, ""ob_swing"": 10, ""sl_buffer"": 25, ""min_rr"": 1.0}"
4,2023-08-01,2023-09-01,ENPG,2023-08-16 12:00:00+00:00,BUY,509.20001,503.79749,523.2,2.6,WIN_TP1,2.3549439842888154,"{""bias_swing"": 10, ""ob_swing"": 10, ""sl_buffer"": 25, ""min_rr"": 1.0}"
4,2023-08-01,2023-09-01,ENPG,2023-08-18 07:00:00+00:00,BUY,509.20001,503.79749,517.0,1.4,WIN_TP1,1.154943984288815,"{""bias_swing"": 10, ""ob_swing"": 10, ""sl_buffer"": 25, ""min_rr"": 1.0}"
4,2023-08-01,2023-09-01,OZON,2023-08-28 07:00:00+00:00,BUY,2863.5,2840.4975,2898.0,1.5,WIN_TP1,1.1763351809585922,"{""bias_swing"": 10, ""ob_swing"": 10, ""sl_buffer"": 25, ""min_rr"": 1.0}"
4,2023-08-01,2023-09-01,OZON,2023-08-29 08:00:00+00:00,BUY,2863.5,2840.4975,2898.0,1.5,LOSS,-1.3236648190414078,"{""bias_swing"": 10, ""ob_swing"": 10, ""sl_buffer"": 25, ""min_rr"": 1.0}"
4,2023-08-01,2023-09-01,FLOT,2023-08-10 07:00:00+00:00,BUY,104.56,103.3075,106.9,1.9,WIN_TP1,1.6829493013972052,"{""bias_swing"": 10, ""ob_swing"": 10, ""sl_buffer"": 25, ""min_rr"": 1.0}"
4,2023-08-01,2023-09-01,VKCO,2023-08-18 12:00:00+00:00,BUY,710.79999,706.79749,721.8,2.7,WIN_TP1,2.2382685886320983,"{""bias_swing"": 10, ""ob_swing"": 10, ""sl_buffer"": 25, ""min_rr"": 1.0}"
4,2023-08-01,2023-09-01,TRNFP,2023-08-02 07:00:00+00:00,BUY,1219.0,1205.9975,1234.5,1.2,WIN_TP1,0.956246875600847,"{""bias_swing"": 10, ""ob_swing"": 10, ""sl_buffer"": 25, ""min_rr"": 1.0}"
4,2023-08-01,2023-09-01,TRNFP,2023-09-01 07:00:00+00:00,BUY,1318.0,1307.4975,1337.5,1.9,WIN_TP1,1.5737157819566785,"{""bias_swing"": 10, ""ob_swing"": 10, ""sl_buffer"": 25, ""min_rr"": 1.0}"
4,2023-08-01,2023-09-01,SNGSP,2023-08-02 07:00:00+00:00,BUY,47.095,46.6375,47.645,1.2,WIN_TP1,0.9323562841530031,"{""bias_swing"": 10, ""ob_swing"": 10, ""sl_buffer"": 25, ""min_rr"": 1.0}"
4,2023-08-01,2023-09-01,SNGSP,2023-08-08 08:00:00+00:00,BUY,47.095,46.6375,47.645,1.2,WIN_TP1,0.9323562841530031,"{""bias_swing"": 10, ""ob_swing"": 10, ""sl_buffer"": 25, ""min_rr"": 1.0}"
4,2023-08-01,2023-09-01,SNGSP,2023-08-15 07:00:00+00:00,BUY,47.87,46.7975,50.105,2.1,WIN_TP1,1.983951515151515,"{""bias_swing"": 10, ""ob_swing"": 10, ""sl_buffer"": 25, ""min_rr"": 1.0}"
4,2023-08-01,2023-09-01,SNGSP,2023-08-16 10:00:00+00:00,BUY,47.87,46.7975,50.105,2.1,WIN_TP1,1.983951515151515,"{""bias_swing"": 10, ""ob_swing"": 10, ""sl_buffer"": 25, ""min_rr"": 1.0}"
4,2023-08-01,2023-09-01,SNGSP,2023-08-16 11:00:00+00:00,BUY,47.095,46.6375,47.645,1.2,WIN_TP1,0.9323562841530031,"{""bias_swing"": 10, ""ob_swing"": 10, ""sl_buffer"": 25, ""min_rr"": 1.0}"
4,2023-08-01,2023-09-01,SNGSP,2023-08-18 07:00:00+00:00,BUY,47.96,47.0975,48.83,1.0,WIN_TP1,0.8554249275362326,"{""bias_swing"": 10, ""ob_swing"": 10, ""sl_buffer"": 25, ""min_rr"": 1.0}"
4,2023-08-01,2023-09-01,CHMF,2023-08-23 13:00:00+00:00,BUY,1303.40002,1287.39752,1319.6,1.0,WIN_TP1,0.7882305857209818,"{""bias_swing"": 10, ""ob_swing"": 10, ""sl_buffer"": 25, ""min_rr"": 1.0}"
4,2023-08-01,2023-09-01,AFKS,2023-08-10 07:00:00+00:00,BUY,18.234,18.1305,18.358,1.2,WIN_TP1,0.7419478260869581,"{""bias_swing"": 10, ""ob_swing"": 10, ""sl_buffer"": 25, ""min_rr"": 1.0}"
4,2023-08-01,2023-09-01,AFKS,2023-08-16 12:00:00+00:00,BUY,17.119,16.8975,17.545,1.9,WIN_TP1,1.6990546275395024,"{""bias_swing"": 10, ""ob_swing"": 10, ""sl_buffer"": 25, ""min_rr"": 1.0}"
4,2023-08-01,2023-09-01,AFKS,2023-08-18 07:00:00+00:00,BUY,17.4,17.2595,17.545,1.0,WIN_TP1,0.6780071174377211,"{""bias_swing"": 10, ""ob_swing"": 10, ""sl_buffer"": 25, ""min_rr"": 1.0}"
4,2023-08-01,2023-09-01,FESH,2023-08-11 07:00:00+00:00,BUY,111.81,111.0675,113.29,2.0,WIN_TP1,1.6084767676767713,"{""bias_swing"": 10, ""ob_swing"": 10, ""sl_buffer"": 25, ""min_rr"": 1.0}"
4,2023-08-01,2023-09-01,FESH,2023-08-14 14:00:00+00:00,BUY,111.81,111.0675,113.29,2.0,WIN_TP1,1.6084767676767713,"{""bias_swing"": 10, ""ob_swing"": 10, ""sl_buffer"": 25, ""min_rr"": 1.0}"
4,2023-08-01,2023-09-01,MAGN,2023-08-04 12:00:00+00:00,BUY,52.29,51.8375,52.87,1.3,WIN_TP1,0.9995491712707187,"{""bias_swing"": 10, ""ob_swing"": 10, ""sl_buffer"": 25, ""min_rr"": 1.0}"
4,2023-08-01,2023-09-01,MAGN,2023-08-15 07:00:00+00:00,BUY,51.175,50.5975,51.935,1.3,WIN_TP1,1.0696017316017319,"{""bias_swing"": 10, ""ob_swing"": 10, ""sl_buffer"": 25, ""min_rr"": 1.0}"
4,2023-08-01,2023-09-01,ETLN,2023-09-01 07:00:00+00:00,BUY,90.12,89.0175,91.94,1.7,WIN_TP1,1.4874721088435385,"{""bias_swing"": 10, ""ob_swing"": 10, ""sl_buffer"": 25, ""min_rr"": 1.0}"
4,2023-08-01,2023-09-01,RUAL,2023-08-04 07:00:00+00:00,SELL,44.2,44.9025,43.5,1.0,WIN_TP1,0.8364128113879005,"{""bias_swing"": 10, ""ob_swing"": 10, ""sl_buffer"": 25, ""min_rr"": 1.0}"
4,2023-08-01,2023-09-01,RUAL,2023-08-14 09:00:00+00:00,SELL,44.2,44.9025,43.5,1.0,WIN_TP1,0.8364128113879005,"{""bias_swing"": 10, ""ob_swing"": 10, ""sl_buffer"": 25, ""min_rr"": 1.0}"
4,2023-08-01,2023-09-01,RUAL,2023-08-30 07:00:00+00:00,SELL,41.48,41.6874,41.245,1.1,WIN_TP1,0.5799999999999996,"{""bias_swing"": 10, ""ob_swing"": 10, ""sl_buffer"": 25, ""min_rr"": 1.0}"
4,2023-08-01,2023-09-01,MGNT,2023-08-18 07:00:00+00:00,BUY,5537.5,5505.9975,5596.5,1.9,WIN_TP1,1.4429727799380943,"{""bias_swing"": 10, ""ob_swing"": 10, ""sl_buffer"": 25, ""min_rr"": 1.0}"
4,2023-08-01,2023-09-01,MOEX,2023-08-17 09:00:00+00:00,BUY,138.34,137.3675,143.12,4.9,WIN_TP1,4.530144987146529,"{""bias_swing"": 10, ""ob_swing"": 10, ""sl_buffer"": 25, ""min_rr"": 1.0}"
4,2023-08-01,2023-09-01,MOEX,2023-08-22 07:00:00+00:00,BUY,152.85001,151.2275,155.4,1.6,WIN_TP1,1.3550646677062093,"{""bias_swing"": 10, ""ob_swing"": 10, ""sl_buffer"": 25, ""min_rr"": 1.0}"
4,2023-08-01,2023-09-01,MOEX,2023-08-25 07:00:00+00:00,BUY,153.49001,152.2275,155.08,1.3,WIN_TP1,0.9839042653127551,"{""bias_swing"": 10, ""ob_swing"": 10, ""sl_buffer"": 25, ""min_rr"": 1.0}"
5,2023-09-01,2023-10-01,NVTK,2023-09-26 07:00:00+00:00,BUY,1600.0,1592.0,1621.6,2.7,WIN_TP1,2.18,"{""bias_swing"": 10, ""ob_swing"": 10, ""sl_buffer"": 50, ""min_rr"": 1.5}"
5,2023-09-01,2023-10-01,VKCO,2023-09-06 12:00:00+00:00,BUY,742.0,737.19501,752.0,2.1,WIN_TP1,1.6985007252876678,"{""bias_swing"": 10, ""ob_swing"": 10, ""sl_buffer"": 50, ""min_rr"": 1.5}"
5,2023-09-01,2023-10-01,VKCO,2023-09-08 08:00:00+00:00,BUY,710.79999,706.79499,721.8,2.7,WIN_TP1,2.238556810486891,"{""bias_swing"": 10, ""ob_swing"": 10, ""sl_buffer"": 50, ""min_rr"": 1.5}"
5,2023-09-01,2023-10-01,SNGSP,2023-09-26 07:00:00+00:00,BUY,48.83,48.58585,49.26,1.8,WIN_TP1,1.279999999999995,"{""bias_swing"": 10, ""ob_swing"": 10, ""sl_buffer"": 50, ""min_rr"": 1.5}"
5,2023-09-01,2023-10-01,CHMF,2023-09-11 10:00:00+00:00,BUY,1281.80005,1270.59498,1298.4,1.5,WIN_TP1,1.2025739125235266,"{""bias_swing"": 10, ""ob_swing"": 10, ""sl_buffer"": 50, ""min_rr"": 1.5}"
5,2023-09-01,2023-10-01,PHOR,2023-09-06 07:00:00+00:00,BUY,7225.0,7187.995,7281.0,1.5,WIN_TP1,0.9923658965004744,"{""bias_swing"": 10, ""ob_swing"": 10, ""sl_buffer"": 50, ""min_rr"": 1.5}"
5,2023-09-01,2023-10-01,NLMK,2023-09-05 14:00:00+00:00,BUY,198.48,195.635,202.84,1.5,LOSS,-1.18138769771529,"{""bias_swing"": 10, ""ob_swing"": 10, ""sl_buffer"": 50, ""min_rr"": 1.5}"
5,2023-09-01,2023-10-01,NLMK,2023-09-14 09:00:00+00:00,BUY,186.39999,184.435,190.06,1.9,WIN_TP1,1.6533626257639988,"{""bias_swing"": 10, ""ob_swing"": 10, ""sl_buffer"": 50, ""min_rr"": 1.5}"
5,2023-09-01,2023-10-01,NLMK,2023-09-28 07:00:00+00:00,BUY,206.14,205.1093,208.5,2.3,WIN_TP1,1.779999999999998,"{""bias_swing"": 10, ""ob_swing"": 10, ""sl_buffer"": 50, ""min_rr"": 1.5}"
5,2023-09-01,2023-10-01,POSI,2023-09-07 11:00:00+00:00,BUY,2297.80005,2277.79505,2345.0,2.4,WIN_TP1,2.1013606533366604,"{""bias_swing"": 10, ""ob_swing"": 10, ""sl_buffer"": 50, ""min_rr"": 1.5}"
5,2023-09-01,2023-10-01,POSI,2023-09-08 07:00:00+00:00,BUY,2297.80005,2277.79505,2339.8,2.1,WIN_TP1,1.8013606533366608,"{""bias_swing"": 10, ""ob_swing"": 10, ""sl_buffer"": 50, ""min_rr"": 1.5}"
5,2023-09-01,2023-10-01,POSI,2023-09-11 09:00:00+00:00,BUY,2297.80005,2277.79505,2345.0,2.4,WIN_TP1,2.1013606533366604,"{""bias_swing"": 10, ""ob_swing"": 10, ""sl_buffer"": 50, ""min_rr"": 1.5}"
5,2023-09-01,2023-10-01,ETLN,2023-09-07 11:00:00+00:00,BUY,90.12,89.015,91.94,1.6,LOSS,-1.2120470588235286,"{""bias_swing"": 10, ""ob_swing"": 10, ""sl_buffer"": 50, ""min_rr"": 1.5}"
5,2023-09-01,2023-10-01,IRKT,2023-09-06 07:00:00+00:00,BUY,113.65,106.495,133.55,2.8,WIN_TP1,2.758701607267645,"{""bias_swing"": 10, ""ob_swing"": 10, ""sl_buffer"": 50, ""min_rr"": 1.5}"
6,2023-10-01,2023-11-01,ENPG,2023-10-18 08:00:00+00:00,SELL,523.79999,526.41899,520.0,1.5,WIN_TP1,0.9800000099274588,"{""bias_swing"": 10, ""ob_swing"": 10, ""sl_buffer"": 50, ""min_rr"": 1.5}"
6,2023-10-01,2023-11-01,ENPG,2023-10-25 13:00:00+00:00,SELL,523.79999,526.41899,520.0,1.5,WIN_TP1,0.9800000099274588,"{""bias_swing"": 10, ""ob_swing"": 10, ""sl_buffer"": 50, ""min_rr"": 1.5}"
6,2023-10-01,2023-11-01,TRNFP,2023-10-11 07:00:00+00:00,BUY,1400.0,1391.995,1416.0,2.0,WIN_TP1,1.5452841973766458,"{""bias_swing"": 10, ""ob_swing"": 10, ""sl_buffer"": 50, ""min_rr"": 1.5}"
6,2023-10-01,2023-11-01,TRNFP,2023-10-12 07:00:00+00:00,BUY,1400.0,1391.995,1416.0,2.0,WIN_TP1,1.5452841973766458,"{""bias_swing"": 10, ""ob_swing"": 10, ""sl_buffer"": 50, ""min_rr"": 1.5}"
6,2023-10-01,2023-11-01,SNGSP,2023-10-24 07:00:00+00:00,BUY,53.12,52.595,54.58,2.8,WIN_TP1,2.536929523809523,"{""bias_swing"": 10, ""ob_swing"": 10, ""sl_buffer"": 50, ""min_rr"": 1.5}"
6,2023-10-01,2023-11-01,CHMF,2023-10-02 07:00:00+00:00,BUY,1368.0,1359.995,1381.4,1.7,WIN_TP1,1.255677701436608,"{""bias_swing"": 10, ""ob_swing"": 10, ""sl_buffer"": 50, ""min_rr"": 1.5}"
6,2023-10-01,2023-11-01,PHOR,2023-10-26 07:00:00+00:00,SELL,6928.0,6971.005,6813.0,2.7,WIN_TP1,2.2811463783281027,"{""bias_swing"": 10, ""ob_swing"": 10, ""sl_buffer"": 50, ""min_rr"": 1.5}"
6,2023-10-01,2023-11-01,POSI,2023-10-17 12:00:00+00:00,BUY,2253.80005,2219.995,2320.0,2.0,WIN_TP1,1.8266566643149467,"{""bias_swing"": 10, ""ob_swing"": 10, ""sl_buffer"": 50, ""min_rr"": 1.5}"
6,2023-10-01,2023-11-01,MGNT,2023-10-09 07:00:00+00:00,SELL,5458.0,5500.005,5397.0,1.5,LOSS,-1.3378359719081052,"{""bias_swing"": 10, ""ob_swing"": 10, ""sl_buffer"": 50, ""min_rr"": 1.5}"
6,2023-10-01,2023-11-01,MOEX,2023-10-24 07:00:00+00:00,BUY,186.3,185.3685,187.68,1.5,WIN_TP1,0.9799999999999999,"{""bias_swing"": 10, ""ob_swing"": 10, ""sl_buffer"": 50, ""min_rr"": 1.5}"
6,2023-10-01,2023-11-01,MOEX,2023-10-26 12:00:00+00:00,BUY,186.3,185.3685,187.68,1.5,WIN_TP1,0.9799999999999999,"{""bias_swing"": 10, ""ob_swing"": 10, ""sl_buffer"": 50, ""min_rr"": 1.5}"
7,2023-11-01,2023-12-01,ENPG,2023-11-10 08:00:00+00:00,SELL,523.79999,526.41899,520.0,1.5,WIN_TP1,0.9800000099274588,"{""bias_swing"": 10, ""ob_swing"": 10, ""sl_buffer"": 50, ""min_rr"": 1.5}"
7,2023-11-01,2023-12-01,TRNFP,2023-11-15 09:00:00+00:00,BUY,1435.0,1427.825,1449.5,2.0,WIN_TP1,1.4799999999999969,"{""bias_swing"": 10, ""ob_swing"": 10, ""sl_buffer"": 50, ""min_rr"": 1.5}"
7,2023-11-01,2023-12-01,TRNFP,2023-11-17 08:00:00+00:00,BUY,1435.0,1427.825,1449.5,2.0,WIN_TP1,1.4799999999999969,"{""bias_swing"": 10, ""ob_swing"": 10, ""sl_buffer"": 50, ""min_rr"": 1.5}"
7,2023-11-01,2023-12-01,SNGSP,2023-11-09 07:00:00+00:00,BUY,58.275,57.98363,58.755,1.6,WIN_TP1,1.079991076637953,"{""bias_swing"": 10, ""ob_swing"": 10, ""sl_buffer"": 50, ""min_rr"": 1.5}"
7,2023-11-01,2023-12-01,PHOR,2023-11-16 07:00:00+00:00,SELL,6865.0,6899.325,6813.0,1.5,WIN_TP1,0.9799999999999972,"{""bias_swing"": 10, ""ob_swing"": 10, ""sl_buffer"": 50, ""min_rr"": 1.5}"
7,2023-11-01,2023-12-01,PHOR,2023-11-28 14:00:00+00:00,SELL,6865.0,6899.325,6813.0,1.5,WIN_TP1,0.9799999999999972,"{""bias_swing"": 10, ""ob_swing"": 10, ""sl_buffer"": 50, ""min_rr"": 1.5}"
7,2023-11-01,2023-12-01,NLMK,2023-11-03 07:00:00+00:00,BUY,187.38,185.53499,191.18,2.1,WIN_TP1,1.8359428946184577,"{""bias_swing"": 10, ""ob_swing"": 10, ""sl_buffer"": 50, ""min_rr"": 1.5}"
7,2023-11-01,2023-12-01,NLMK,2023-11-17 09:00:00+00:00,BUY,187.38,185.53499,191.18,2.1,LOSS,-1.2640571053815424,"{""bias_swing"": 10, ""ob_swing"": 10, ""sl_buffer"": 50, ""min_rr"": 1.5}"
7,2023-11-01,2023-12-01,FESH,2023-11-02 07:00:00+00:00,SELL,93.85,95.115,91.7,1.7,WIN_TP1,1.5071067193675889,"{""bias_swing"": 10, ""ob_swing"": 10, ""sl_buffer"": 50, ""min_rr"": 1.5}"
7,2023-11-01,2023-12-01,POSI,2023-11-03 07:00:00+00:00,BUY,2164.80005,2153.19495,2186.0,1.8,WIN_TP1,1.3149994286994415,"{""bias_swing"": 10, ""ob_swing"": 10, ""sl_buffer"": 50, ""min_rr"": 1.5}"
7,2023-11-01,2023-12-01,POSI,2023-11-10 07:00:00+00:00,BUY,2164.80005,2153.19495,2186.0,1.8,LOSS,-1.4850005713005585,"{""bias_swing"": 10, ""ob_swing"": 10, ""sl_buffer"": 50, ""min_rr"": 1.5}"
7,2023-11-01,2023-12-01,POSI,2023-11-13 10:00:00+00:00,BUY,2129.19995,2116.995,2186.0,4.7,LOSS,-1.453579889307197,"{""bias_swing"": 10, ""ob_swing"": 10, ""sl_buffer"": 50, ""min_rr"": 1.5}"
7,2023-11-01,2023-12-01,MGNT,2023-11-29 07:00:00+00:00,BUY,6307.0,6259.995,6390.0,1.8,WIN_TP1,1.45113924050633,"{""bias_swing"": 10, ""ob_swing"": 10, ""sl_buffer"": 50, ""min_rr"": 1.5}"
7,2023-11-01,2023-12-01,MGNT,2023-11-30 08:00:00+00:00,BUY,6307.0,6259.995,6390.0,1.8,WIN_TP1,1.45113924050633,"{""bias_swing"": 10, ""ob_swing"": 10, ""sl_buffer"": 50, ""min_rr"": 1.5}"
8,2023-12-01,2024-01-01,SNGSP,2023-12-12 07:00:00+00:00,BUY,53.12,52.5975,54.46,2.6,WIN_TP1,2.3356708133971296,"{""bias_swing"": 10, ""ob_swing"": 10, ""sl_buffer"": 25, ""min_rr"": 1.5}"
8,2023-12-01,2024-01-01,ETLN,2023-12-18 09:00:00+00:00,SELL,80.52,83.7025,75.22,1.7,LOSS,-1.0657822466614295,"{""bias_swing"": 10, ""ob_swing"": 10, ""sl_buffer"": 25, ""min_rr"": 1.5}"
8,2023-12-01,2024-01-01,MGNT,2023-12-04 11:00:00+00:00,BUY,6307.0,6259.9975,6390.0,1.8,LOSS,-1.34887931493006,"{""bias_swing"": 10, ""ob_swing"": 10, ""sl_buffer"": 25, ""min_rr"": 1.5}"
10,2024-02-01,2024-03-01,FLOT,2024-02-29 07:00:00+00:00,BUY,132.08,131.3375,133.3,1.6,WIN_TP1,1.1374976430976473,"{""bias_swing"": 10, ""ob_swing"": 10, ""sl_buffer"": 25, ""min_rr"": 1.5}"
10,2024-02-01,2024-03-01,AFKS,2024-02-29 07:00:00+00:00,BUY,17.969,17.87915,18.109,1.6,WIN_TP1,1.0800289371174294,"{""bias_swing"": 10, ""ob_swing"": 10, ""sl_buffer"": 25, ""min_rr"": 1.5}"
11,2024-03-01,2024-04-01,SNGSP,2024-03-18 07:00:00+00:00,BUY,61.125,60.81938,61.725,2.0,WIN_TP1,1.479991492703353,"{""bias_swing"": 10, ""ob_swing"": 10, ""sl_buffer"": 25, ""min_rr"": 1.5}"
11,2024-03-01,2024-04-01,CHMF,2024-03-05 07:00:00+00:00,BUY,1669.59998,1661.25198,1682.2,1.5,WIN_TP1,0.9800000062290342,"{""bias_swing"": 10, ""ob_swing"": 10, ""sl_buffer"": 25, ""min_rr"": 1.5}"
11,2024-03-01,2024-04-01,CHMF,2024-03-27 08:00:00+00:00,BUY,1843.0,1833.785,1857.6,1.6,WIN_TP1,1.0799999999999956,"{""bias_swing"": 10, ""ob_swing"": 10, ""sl_buffer"": 25, ""min_rr"": 1.5}"
11,2024-03-01,2024-04-01,CHMF,2024-03-29 08:00:00+00:00,BUY,1843.0,1833.785,1857.6,1.6,WIN_TP1,1.0799999999999956,"{""bias_swing"": 10, ""ob_swing"": 10, ""sl_buffer"": 25, ""min_rr"": 1.5}"
11,2024-03-01,2024-04-01,AFKS,2024-03-27 08:00:00+00:00,BUY,20.598,20.49501,21.0,3.9,WIN_TP1,3.379999999999992,"{""bias_swing"": 10, ""ob_swing"": 10, ""sl_buffer"": 25, ""min_rr"": 1.5}"
11,2024-03-01,2024-04-01,NLMK,2024-03-15 07:00:00+00:00,BUY,205.5,204.2175,207.4,1.5,WIN_TP1,1.0833918128654967,"{""bias_swing"": 10, ""ob_swing"": 10, ""sl_buffer"": 25, ""min_rr"": 1.5}"
11,2024-03-01,2024-04-01,NLMK,2024-03-25 07:00:00+00:00,BUY,215.25999,212.6175,219.62,1.6,WIN_TP1,1.3882012896926748,"{""bias_swing"": 10, ""ob_swing"": 10, ""sl_buffer"": 25, ""min_rr"": 1.5}"
11,2024-03-01,2024-04-01,NLMK,2024-03-27 08:00:00+00:00,BUY,220.3,219.1985,222.0,1.5,WIN_TP1,0.9800000000000074,"{""bias_swing"": 10, ""ob_swing"": 10, ""sl_buffer"": 25, ""min_rr"": 1.5}"
11,2024-03-01,2024-04-01,NLMK,2024-03-28 12:00:00+00:00,BUY,220.3,219.1985,222.0,1.5,LOSS,-1.5199999999999925,"{""bias_swing"": 10, ""ob_swing"": 10, ""sl_buffer"": 25, ""min_rr"": 1.5}"
11,2024-03-01,2024-04-01,MAGN,2024-03-07 09:00:00+00:00,BUY,54.57,54.29715,55.18,2.2,WIN_TP1,1.679999999999997,"{""bias_swing"": 10, ""ob_swing"": 10, ""sl_buffer"": 25, ""min_rr"": 1.5}"
12,2024-04-01,2024-05-01,NVTK,2024-04-04 13:00:00+00:00,SELL,1318.59998,1329.0025,1303.4,1.5,WIN_TP1,1.1704298623795033,"{""bias_swing"": 10, ""ob_swing"": 10, ""sl_buffer"": 25, ""min_rr"": 1.5}"
12,2024-04-01,2024-05-01,OZON,2024-04-03 12:00:00+00:00,BUY,3739.0,3707.4975,3834.0,3.0,WIN_TP1,2.6914086183636226,"{""bias_swing"": 10, ""ob_swing"": 10, ""sl_buffer"": 25, ""min_rr"": 1.5}"
12,2024-04-01,2024-05-01,OZON,2024-04-15 07:00:00+00:00,BUY,3714.0,3682.4975,3820.0,3.4,WIN_TP1,3.0934719466708995,"{""bias_swing"": 10, ""ob_swing"": 10, ""sl_buffer"": 25, ""min_rr"": 1.5}"
12,2024-04-01,2024-05-01,ETLN,2024-04-24 07:00:00+00:00,BUY,100.44,99.2975,102.7,2.0,WIN_TP1,1.7714275711159735,"{""bias_swing"": 10, ""ob_swing"": 10, ""sl_buffer"": 25, ""min_rr"": 1.5}"
12,2024-04-01,2024-05-01,RUAL,2024-04-22 07:00:00+00:00,BUY,40.91,40.6475,41.65,2.8,WIN_TP1,2.3947961904761836,"{""bias_swing"": 10, ""ob_swing"": 10, ""sl_buffer"": 25, ""min_rr"": 1.5}"
12,2024-04-01,2024-05-01,SNGS,2024-04-08 07:00:00+00:00,BUY,30.915,30.76043,31.325,2.7,WIN_TP1,2.1799831791421354,"{""bias_swing"": 10, ""ob_swing"": 10, ""sl_buffer"": 25, ""min_rr"": 1.5}"
12,2024-04-01,2024-05-01,SNGS,2024-04-09 12:00:00+00:00,BUY,30.915,30.76043,31.325,2.7,LOSS,-1.5200168208578648,"{""bias_swing"": 10, ""ob_swing"": 10, ""sl_buffer"": 25, ""min_rr"": 1.5}"
12,2024-04-01,2024-05-01,MGNT,2024-04-12 07:00:00+00:00,BUY,7885.0,7845.575,7943.5,1.5,WIN_TP1,0.9800000000000024,"{""bias_swing"": 10, ""ob_swing"": 10, ""sl_buffer"": 25, ""min_rr"": 1.5}"
12,2024-04-01,2024-05-01,MGNT,2024-04-26 07:00:00+00:00,BUY,8134.0,8093.33,8198.5,1.6,WIN_TP1,1.080000000000001,"{""bias_swing"": 10, ""ob_swing"": 10, ""sl_buffer"": 25, ""min_rr"": 1.5}"
12,2024-04-01,2024-05-01,MOEX,2024-04-05 07:00:00+00:00,BUY,227.86,226.5775,230.0,1.7,WIN_TP1,1.2380615984405556,"{""bias_swing"": 10, ""ob_swing"": 10, ""sl_buffer"": 25, ""min_rr"": 1.5}"
13,2024-05-01,2024-06-01,ENPG,2024-05-30 08:00:00+00:00,SELL,463.64999,467.0025,456.3,2.2,WIN_TP1,1.8404216619786364,"{""bias_swing"": 10, ""ob_swing"": 10, ""sl_buffer"": 25, ""min_rr"": 1.5}"
13,2024-05-01,2024-06-01,OZON,2024-05-17 07:00:00+00:00,BUY,4499.0,4476.505,4556.5,2.6,WIN_TP1,2.0799999999999974,"{""bias_swing"": 10, ""ob_swing"": 10, ""sl_buffer"": 25, ""min_rr"": 1.5}"
13,2024-05-01,2024-06-01,OZON,2024-05-24 12:00:00+00:00,BUY,4499.0,4476.505,4556.5,2.6,WIN_TP1,2.0799999999999974,"{""bias_swing"": 10, ""ob_swing"": 10, ""sl_buffer"": 25, ""min_rr"": 1.5}"
13,2024-05-01,2024-06-01,VKCO,2024-05-08 08:00:00+00:00,SELL,587.40002,591.60248,578.2,2.2,WIN_TP1,1.8365842739728615,"{""bias_swing"": 10, ""ob_swing"": 10, ""sl_buffer"": 25, ""min_rr"": 1.5}"
13,2024-05-01,2024-06-01,TRNFP,2024-05-22 08:00:00+00:00,BUY,1664.5,1654.9975,1682.0,1.8,WIN_TP1,1.3445724809260748,"{""bias_swing"": 10, ""ob_swing"": 10, ""sl_buffer"": 25, ""min_rr"": 1.5}"
13,2024-05-01,2024-06-01,AFKS,2024-05-03 07:00:00+00:00,BUY,25.196,24.9475,25.65,1.8,WIN_TP1,1.5363798792756538,"{""bias_swing"": 10, ""ob_swing"": 10, ""sl_buffer"": 25, ""min_rr"": 1.5}"
13,2024-05-01,2024-06-01,NLMK,2024-05-07 07:00:00+00:00,BUY,240.60001,239.39701,243.8,2.7,WIN_TP1,2.1799999783873663,"{""bias_swing"": 10, ""ob_swing"": 10, ""sl_buffer"": 25, ""min_rr"": 1.5}"
13,2024-05-01,2024-06-01,FESH,2024-05-21 07:00:00+00:00,SELL,80.2,81.2225,78.41,1.8,WIN_TP1,1.5960684596577006,"{""bias_swing"": 10, ""ob_swing"": 10, ""sl_buffer"": 25, ""min_rr"": 1.5}"
14,2024-06-01,2024-07-01,FLOT,2024-06-25 07:00:00+00:00,SELL,118.4,119.5225,116.72,1.5,WIN_TP1,1.2257550111358546,"{""bias_swing"": 10, ""ob_swing"": 10, ""sl_buffer"": 25, ""min_rr"": 1.5}"
14,2024-06-01,2024-07-01,CHMF,2024-06-24 07:00:00+00:00,SELL,1581.59998,1595.0025,1558.2,1.7,WIN_TP1,1.3931800924005358,"{""bias_swing"": 10, ""ob_swing"": 10, ""sl_buffer"": 25, ""min_rr"": 1.5}"
14,2024-06-01,2024-07-01,MAGN,2024-07-01 09:00:00+00:00,BUY,54.98,54.7051,55.45,1.7,WIN_TP1,1.179999999999991,"{""bias_swing"": 10, ""ob_swing"": 10, ""sl_buffer"": 25, ""min_rr"": 1.5}"
14,2024-06-01,2024-07-01,RUAL,2024-06-03 10:00:00+00:00,BUY,40.91,40.6475,41.65,2.8,WIN_TP1,2.3947961904761836,"{""bias_swing"": 10, ""ob_swing"": 10, ""sl_buffer"": 25, ""min_rr"": 1.5}"
14,2024-06-01,2024-07-01,MGNT,2024-06-10 07:00:00+00:00,SELL,6781.0,6895.5025,6585.5,1.7,WIN_TP1,1.5460243226130428,"{""bias_swing"": 10, ""ob_swing"": 10, ""sl_buffer"": 25, ""min_rr"": 1.5}"
16,2024-08-01,2024-09-01,OZON,2024-08-30 07:00:00+00:00,SELL,3172.5,3215.0025,3102.0,1.7,WIN_TP1,1.5059290629962945,"{""bias_swing"": 10, ""ob_swing"": 10, ""sl_buffer"": 25, ""min_rr"": 1.5}"
16,2024-08-01,2024-09-01,FLOT,2024-08-30 07:00:00+00:00,SELL,95.48,96.5925,93.32,1.9,WIN_TP1,1.676855730337078,"{""bias_swing"": 10, ""ob_swing"": 10, ""sl_buffer"": 25, ""min_rr"": 1.5}"
16,2024-08-01,2024-09-01,VKCO,2024-08-26 07:00:00+00:00,SELL,383.39999,387.60251,377.2,1.5,WIN_TP1,1.2627994693659992,"{""bias_swing"": 10, ""ob_swing"": 10, ""sl_buffer"": 25, ""min_rr"": 1.5}"
16,2024-08-01,2024-09-01,VKCO,2024-08-30 07:00:00+00:00,SELL,362.79999,366.0025,356.2,2.1,WIN_TP1,1.8054560410428089,"{""bias_swing"": 10, ""ob_swing"": 10, ""sl_buffer"": 25, ""min_rr"": 1.5}"
16,2024-08-01,2024-09-01,TRNFP,2024-08-29 07:00:00+00:00,SELL,1299.0,1307.5025,1280.0,2.2,WIN_TP1,1.80277565421935,"{""bias_swing"": 10, ""ob_swing"": 10, ""sl_buffer"": 25, ""min_rr"": 1.5}"
16,2024-08-01,2024-09-01,CHMF,2024-08-27 07:00:00+00:00,SELL,1345.0,1356.0025,1327.2,1.6,WIN_TP1,1.2821631447398336,"{""bias_swing"": 10, ""ob_swing"": 10, ""sl_buffer"": 25, ""min_rr"": 1.5}"
16,2024-08-01,2024-09-01,PHOR,2024-08-30 07:00:00+00:00,SELL,5160.0,5191.0025,5100.0,1.9,WIN_TP1,1.4672607047818669,"{""bias_swing"": 10, ""ob_swing"": 10, ""sl_buffer"": 25, ""min_rr"": 1.5}"
16,2024-08-01,2024-09-01,RUAL,2024-08-30 07:00:00+00:00,SELL,32.615,33.0825,31.61,2.1,WIN_TP1,1.918611764705883,"{""bias_swing"": 10, ""ob_swing"": 10, ""sl_buffer"": 25, ""min_rr"": 1.5}"
17,2024-09-01,2024-10-01,NVTK,2024-09-09 12:00:00+00:00,SELL,987.40002,1004.80249,950.2,2.1,LOSS,-1.1475215904408973,"{""bias_swing"": 10, ""ob_swing"": 10, ""sl_buffer"": 25, ""min_rr"": 1.5}"
17,2024-09-01,2024-10-01,OZON,2024-09-23 14:00:00+00:00,SELL,3471.0,3488.5025,3346.0,7.1,LOSS,-1.5156177688901569,"{""bias_swing"": 10, ""ob_swing"": 10, ""sl_buffer"": 25, ""min_rr"": 1.5}"
17,2024-09-01,2024-10-01,FLOT,2024-09-11 07:00:00+00:00,SELL,92.83,94.8025,89.39,1.7,WIN_TP1,1.5776385297845372,"{""bias_swing"": 10, ""ob_swing"": 10, ""sl_buffer"": 25, ""min_rr"": 1.5}"
17,2024-09-01,2024-10-01,FLOT,2024-09-13 13:00:00+00:00,SELL,92.83,94.8025,89.39,1.7,LOSS,-1.1223614702154627,"{""bias_swing"": 10, ""ob_swing"": 10, ""sl_buffer"": 25, ""min_rr"": 1.5}"
17,2024-09-01,2024-10-01,FLOT,2024-09-25 07:00:00+00:00,SELL,99.26,99.7563,98.07,2.4,WIN_TP1,1.8799999999999901,"{""bias_swing"": 10, ""ob_swing"": 10, ""sl_buffer"": 25, ""min_rr"": 1.5}"
17,2024-09-01,2024-10-01,FLOT,2024-09-26 09:00:00+00:00,SELL,99.26,99.7563,98.07,2.4,WIN_TP1,1.8799999999999901,"{""bias_swing"": 10, ""ob_swing"": 10, ""sl_buffer"": 25, ""min_rr"": 1.5}"
17,2024-09-01,2024-10-01,VKCO,2024-09-09 14:00:00+00:00,SELL,362.79999,366.0025,356.2,2.1,LOSS,-1.2945439589571912,"{""bias_swing"": 10, ""ob_swing"": 10, ""sl_buffer"": 25, ""min_rr"": 1.5}"
17,2024-09-01,2024-10-01,VKCO,2024-09-18 08:00:00+00:00,SELL,367.60001,371.80249,356.2,2.7,WIN_TP1,2.472572379642496,"{""bias_swing"": 10, ""ob_swing"": 10, ""sl_buffer"": 25, ""min_rr"": 1.5}"
17,2024-09-01,2024-10-01,PHOR,2024-09-05 09:00:00+00:00,SELL,5160.0,5191.0025,5100.0,1.9,WIN_TP1,1.4672607047818669,"{""bias_swing"": 10, ""ob_swing"": 10, ""sl_buffer"": 25, ""min_rr"": 1.5}"
17,2024-09-01,2024-10-01,PHOR,2024-09-06 07:00:00+00:00,SELL,5160.0,5191.0025,5100.0,1.9,WIN_TP1,1.4672607047818669,"{""bias_swing"": 10, ""ob_swing"": 10, ""sl_buffer"": 25, ""min_rr"": 1.5}"
17,2024-09-01,2024-10-01,PHOR,2024-09-27 07:00:00+00:00,SELL,5464.0,5491.32,5393.0,2.6,WIN_TP1,2.0799999999999947,"{""bias_swing"": 10, ""ob_swing"": 10, ""sl_buffer"": 25, ""min_rr"": 1.5}"
17,2024-09-01,2024-10-01,PHOR,2024-09-30 08:00:00+00:00,SELL,5464.0,5491.32,5393.0,2.6,WIN_TP1,2.0799999999999947,"{""bias_swing"": 10, ""ob_swing"": 10, ""sl_buffer"": 25, ""min_rr"": 1.5}"
17,2024-09-01,2024-10-01,AFKS,2024-09-23 09:00:00+00:00,SELL,16.708,16.8915,16.2,2.8,LOSS,-1.2367346049046293,"{""bias_swing"": 10, ""ob_swing"": 10, ""sl_buffer"": 25, ""min_rr"": 1.5}"
17,2024-09-01,2024-10-01,FESH,2024-09-24 07:00:00+00:00,SELL,51.75,52.4025,50.32,2.2,WIN_TP1,1.9937931034482772,"{""bias_swing"": 10, ""ob_swing"": 10, ""sl_buffer"": 25, ""min_rr"": 1.5}"
17,2024-09-01,2024-10-01,FESH,2024-09-30 07:00:00+00:00,SELL,51.75,52.4025,50.32,2.2,WIN_TP1,1.9937931034482772,"{""bias_swing"": 10, ""ob_swing"": 10, ""sl_buffer"": 25, ""min_rr"": 1.5}"
17,2024-09-01,2024-10-01,POSI,2024-09-18 07:00:00+00:00,SELL,2805.19995,2834.0025,2752.2,1.8,WIN_TP1,1.5467752032372124,"{""bias_swing"": 10, ""ob_swing"": 10, ""sl_buffer"": 25, ""min_rr"": 1.5}"
17,2024-09-01,2024-10-01,ETLN,2024-09-17 07:00:00+00:00,SELL,66.64,68.2225,64.34,1.5,LOSS,-1.1094875197472356,"{""bias_swing"": 10, ""ob_swing"": 10, ""sl_buffer"": 25, ""min_rr"": 1.5}"
17,2024-09-01,2024-10-01,ETLN,2024-09-25 07:00:00+00:00,SELL,69.8,70.8025,66.82,3.0,WIN_TP1,2.818972568578553,"{""bias_swing"": 10, ""ob_swing"": 10, ""sl_buffer"": 25, ""min_rr"": 1.5}"
17,2024-09-01,2024-10-01,ETLN,2024-09-30 08:00:00+00:00,SELL,69.8,70.8025,66.82,3.0,EXPIRED,,"{""bias_swing"": 10, ""ob_swing"": 10, ""sl_buffer"": 25, ""min_rr"": 1.5}"
17,2024-09-01,2024-10-01,SNGS,2024-09-03 08:00:00+00:00,SELL,22.405,22.6525,21.75,2.6,WIN_TP1,2.3646343434343424,"{""bias_swing"": 10, ""ob_swing"": 10, ""sl_buffer"": 25, ""min_rr"": 1.5}"
17,2024-09-01,2024-10-01,SNGS,2024-09-18 07:00:00+00:00,SELL,25.06,25.1853,24.675,3.1,WIN_TP1,2.580000000000012,"{""bias_swing"": 10, ""ob_swing"": 10, ""sl_buffer"": 25, ""min_rr"": 1.5}"
17,2024-09-01,2024-10-01,SNGS,2024-09-19 10:00:00+00:00,SELL,25.06,25.1853,24.675,3.1,WIN_TP1,2.580000000000012,"{""bias_swing"": 10, ""ob_swing"": 10, ""sl_buffer"": 25, ""min_rr"": 1.5}"
17,2024-09-01,2024-10-01,MOEX,2024-09-27 14:00:00+00:00,SELL,219.10001,221.1425,213.66,2.7,LOSS,-1.278904683009462,"{""bias_swing"": 10, ""ob_swing"": 10, ""sl_buffer"": 25, ""min_rr"": 1.5}"
18,2024-10-01,2024-11-01,ENPG,2024-10-16 07:00:00+00:00,SELL,349.04999,353.01,341.5,1.9,WIN_TP1,1.6708263428627712,"{""bias_swing"": 10, ""ob_swing"": 10, ""sl_buffer"": 100, ""min_rr"": 1.5}"
18,2024-10-01,2024-11-01,OZON,2024-10-11 14:00:00+00:00,SELL,3041.5,3056.7075,3015.0,1.7,WIN_TP1,1.1799999999999993,"{""bias_swing"": 10, ""ob_swing"": 10, ""sl_buffer"": 100, ""min_rr"": 1.5}"
18,2024-10-01,2024-11-01,CHMF,2024-10-23 07:00:00+00:00,SELL,1194.0,1202.01,1178.4,1.9,WIN_TP1,1.5124344569288384,"{""bias_swing"": 10, ""ob_swing"": 10, ""sl_buffer"": 100, ""min_rr"": 1.5}"
18,2024-10-01,2024-11-01,AFKS,2024-10-07 07:00:00+00:00,SELL,15.626,15.70413,15.45,2.3,WIN_TP1,1.7799999999999985,"{""bias_swing"": 10, ""ob_swing"": 10, ""sl_buffer"": 100, ""min_rr"": 1.5}"
18,2024-10-01,2024-11-01,MAGN,2024-10-25 08:00:00+00:00,SELL,39.115,39.355,38.365,3.1,WIN_TP1,2.6762541666666575,"{""bias_swing"": 10, ""ob_swing"": 10, ""sl_buffer"": 100, ""min_rr"": 1.5}"
18,2024-10-01,2024-11-01,MOEX,2024-10-10 07:00:00+00:00,SELL,212.32001,213.38161,210.55,1.7,WIN_TP1,1.1799999755086654,"{""bias_swing"": 10, ""ob_swing"": 10, ""sl_buffer"": 100, ""min_rr"": 1.5}"
19,2024-11-01,2024-12-01,VKCO,2024-11-29 09:00:00+00:00,SELL,278.0,283.21001,268.4,1.8,EXPIRED,,"{""bias_swing"": 10, ""ob_swing"": 10, ""sl_buffer"": 100, ""min_rr"": 1.5}"
19,2024-11-01,2024-12-01,TRNFP,2024-11-26 08:00:00+00:00,SELL,1083.5,1097.51,1024.0,4.2,WIN_TP1,3.998922198429693,"{""bias_swing"": 10, ""ob_swing"": 10, ""sl_buffer"": 100, ""min_rr"": 1.5}"
19,2024-11-01,2024-12-01,CHMF,2024-11-05 07:00:00+00:00,SELL,1129.19995,1142.01,1085.6,3.4,LOSS,-1.2291887908321972,"{""bias_swing"": 10, ""ob_swing"": 10, ""sl_buffer"": 100, ""min_rr"": 1.5}"
19,2024-11-01,2024-12-01,CHMF,2024-11-28 08:00:00+00:00,SELL,1125.80005,1138.01,1085.6,3.3,WIN_TP1,3.060270915933315,"{""bias_swing"": 10, ""ob_swing"": 10, ""sl_buffer"": 100, ""min_rr"": 1.5}"
19,2024-11-01,2024-12-01,CHMF,2024-11-29 12:00:00+00:00,SELL,1125.80005,1138.01,1085.6,3.3,EXPIRED,,"{""bias_swing"": 10, ""ob_swing"": 10, ""sl_buffer"": 100, ""min_rr"": 1.5}"
19,2024-11-01,2024-12-01,PHOR,2024-11-13 07:00:00+00:00,SELL,5502.0,5532.01,5440.0,2.1,WIN_TP1,1.6233188937021028,"{""bias_swing"": 10, ""ob_swing"": 10, ""sl_buffer"": 100, ""min_rr"": 1.5}"
19,2024-11-01,2024-12-01,NLMK,2024-11-25 07:00:00+00:00,SELL,122.5,124.43,119.02,1.8,WIN_TP1,1.6349740932642494,"{""bias_swing"": 10, ""ob_swing"": 10, ""sl_buffer"": 100, ""min_rr"": 1.5}"
19,2024-11-01,2024-12-01,MAGN,2024-11-28 14:00:00+00:00,SELL,33.46,33.81,32.2,3.6,LOSS,-1.248559999999999,"{""bias_swing"": 10, ""ob_swing"": 10, ""sl_buffer"": 100, ""min_rr"": 1.5}"
20,2024-12-01,2025-01-01,NVTK,2024-12-04 08:00:00+00:00,SELL,830.40002,839.80999,815.0,1.6,WIN_TP1,1.3705582427999223,"{""bias_swing"": 10, ""ob_swing"": 10, ""sl_buffer"": 100, ""min_rr"": 1.5}"
20,2024-12-01,2025-01-01,NVTK,2024-12-06 07:00:00+00:00,SELL,830.40002,839.80999,815.0,1.6,LOSS,-1.2294417572000778,"{""bias_swing"": 10, ""ob_swing"": 10, ""sl_buffer"": 100, ""min_rr"": 1.5}"
20,2024-12-01,2025-01-01,NVTK,2024-12-23 08:00:00+00:00,SELL,943.40002,951.41002,929.0,1.8,WIN_TP1,1.4937777712858924,"{""bias_swing"": 10, ""ob_swing"": 10, ""sl_buffer"": 100, ""min_rr"": 1.5}"
20,2024-12-01,2025-01-01,VKCO,2024-12-03 07:00:00+00:00,SELL,278.0,283.21001,268.4,1.8,WIN_TP1,1.661267060907753,"{""bias_swing"": 10, ""ob_swing"": 10, ""sl_buffer"": 100, ""min_rr"": 1.5}"
20,2024-12-01,2025-01-01,SNGSP,2024-12-20 07:00:00+00:00,BUY,55.38,54.99,56.23,2.2,WIN_TP1,1.8308000000000006,"{""bias_swing"": 10, ""ob_swing"": 10, ""sl_buffer"": 100, ""min_rr"": 1.5}"
20,2024-12-01,2025-01-01,CHMF,2024-12-12 07:00:00+00:00,SELL,1104.59998,1114.81005,1085.6,1.9,WIN_TP1,1.6187130011841275,"{""bias_swing"": 10, ""ob_swing"": 10, ""sl_buffer"": 100, ""min_rr"": 1.5}"
20,2024-12-01,2025-01-01,FESH,2024-12-23 07:00:00+00:00,SELL,47.0,47.51,44.27,5.4,WIN_TP1,5.160392156862745,"{""bias_swing"": 10, ""ob_swing"": 10, ""sl_buffer"": 100, ""min_rr"": 1.5}"
20,2024-12-01,2025-01-01,MAGN,2024-12-03 07:00:00+00:00,SELL,33.72,34.125,32.69,2.5,WIN_TP1,2.2835259259259266,"{""bias_swing"": 10, ""ob_swing"": 10, ""sl_buffer"": 100, ""min_rr"": 1.5}"
20,2024-12-01,2025-01-01,ETLN,2024-12-03 07:00:00+00:00,SELL,53.84,54.85,51.14,2.7,WIN_TP1,2.5614019801980197,"{""bias_swing"": 10, ""ob_swing"": 10, ""sl_buffer"": 100, ""min_rr"": 1.5}"
20,2024-12-01,2025-01-01,ETLN,2024-12-12 07:00:00+00:00,SELL,48.34,48.87,47.16,2.2,WIN_TP1,1.962860377358488,"{""bias_swing"": 10, ""ob_swing"": 10, ""sl_buffer"": 100, ""min_rr"": 1.5}"
20,2024-12-01,2025-01-01,MGNT,2024-12-04 07:00:00+00:00,SELL,4558.0,4590.01,4497.0,1.9,WIN_TP1,1.5297781943142792,"{""bias_swing"": 10, ""ob_swing"": 10, ""sl_buffer"": 100, ""min_rr"": 1.5}"
20,2024-12-01,2025-01-01,MGNT,2024-12-06 07:00:00+00:00,SELL,4558.0,4590.01,4497.0,1.9,LOSS,-1.3702218056857207,"{""bias_swing"": 10, ""ob_swing"": 10, ""sl_buffer"": 100, ""min_rr"": 1.5}"
21,2025-01-01,2025-02-01,FLOT,2025-01-09 07:00:00+00:00,SELL,94.52,95.01,91.89,5.4,WIN_TP1,4.898465306122459,"{""bias_swing"": 10, ""ob_swing"": 10, ""sl_buffer"": 100, ""min_rr"": 1.5}"
21,2025-01-01,2025-02-01,CHMF,2025-01-23 07:00:00+00:00,BUY,1237.80005,1227.18995,1284.2,4.4,LOSS,-1.3033223183570342,"{""bias_swing"": 10, ""ob_swing"": 10, ""sl_buffer"": 100, ""min_rr"": 1.5}"
21,2025-01-01,2025-02-01,PHOR,2025-01-03 10:00:00+00:00,BUY,6290.0,6211.99,6435.0,1.9,WIN_TP1,1.6903602102294584,"{""bias_swing"": 10, ""ob_swing"": 10, ""sl_buffer"": 100, ""min_rr"": 1.5}"
21,2025-01-01,2025-02-01,AFKS,2025-01-15 08:00:00+00:00,BUY,14.839,14.7,15.098,1.9,WIN_TP1,1.6224359712230236,"{""bias_swing"": 10, ""ob_swing"": 10, ""sl_buffer"": 100, ""min_rr"": 1.5}"
21,2025-01-01,2025-02-01,NLMK,2025-01-10 07:00:00+00:00,BUY,142.88,141.59001,147.4,3.5,WIN_TP1,3.212022573818399,"{""bias_swing"": 10, ""ob_swing"": 10, ""sl_buffer"": 100, ""min_rr"": 1.5}"
21,2025-01-01,2025-02-01,NLMK,2025-01-23 09:00:00+00:00,BUY,142.88,141.59001,147.4,3.5,WIN_TP1,3.212022573818399,"{""bias_swing"": 10, ""ob_swing"": 10, ""sl_buffer"": 100, ""min_rr"": 1.5}"
21,2025-01-01,2025-02-01,FESH,2025-01-10 07:00:00+00:00,BUY,55.38,54.65,57.47,2.9,WIN_TP1,2.7027561643835627,"{""bias_swing"": 10, ""ob_swing"": 10, ""sl_buffer"": 100, ""min_rr"": 1.5}"
21,2025-01-01,2025-02-01,MAGN,2025-01-15 07:00:00+00:00,SELL,38.71,38.99,37.825,3.2,WIN_TP1,2.8405500000000017,"{""bias_swing"": 10, ""ob_swing"": 10, ""sl_buffer"": 100, ""min_rr"": 1.5}"
23,2025-03-01,2025-04-01,NVTK,2025-04-01 13:00:00+00:00,BUY,1214.59998,1205.58998,1230.0,1.7,WIN_TP1,1.3495050002219753,"{""bias_swing"": 10, ""ob_swing"": 10, ""sl_buffer"": 100, ""min_rr"": 1.5}"
23,2025-03-01,2025-04-01,SNGSP,2025-03-20 12:00:00+00:00,BUY,54.085,53.81457,54.6,1.9,WIN_TP1,1.3800096143179332,"{""bias_swing"": 10, ""ob_swing"": 10, ""sl_buffer"": 100, ""min_rr"": 1.5}"
23,2025-03-01,2025-04-01,SNGSP,2025-03-24 09:00:00+00:00,BUY,54.085,53.81457,54.6,1.9,WIN_TP1,1.3800096143179332,"{""bias_swing"": 10, ""ob_swing"": 10, ""sl_buffer"": 100, ""min_rr"": 1.5}"
23,2025-03-01,2025-04-01,SNGSP,2025-03-27 14:00:00+00:00,BUY,54.085,53.81457,54.6,1.9,LOSS,-1.5199903856820667,"{""bias_swing"": 10, ""ob_swing"": 10, ""sl_buffer"": 100, ""min_rr"": 1.5}"
23,2025-03-01,2025-04-01,CHMF,2025-03-20 12:00:00+00:00,BUY,1309.0,1296.39002,1334.6,2.0,WIN_TP1,1.7301026647147726,"{""bias_swing"": 10, ""ob_swing"": 10, ""sl_buffer"": 100, ""min_rr"": 1.5}"
23,2025-03-01,2025-04-01,PHOR,2025-03-20 12:00:00+00:00,BUY,6520.0,6478.99,6610.0,2.2,WIN_TP1,1.7866374055108534,"{""bias_swing"": 10, ""ob_swing"": 10, ""sl_buffer"": 100, ""min_rr"": 1.5}"
23,2025-03-01,2025-04-01,AFKS,2025-03-27 07:00:00+00:00,BUY,17.054,16.74,17.594,1.7,LOSS,-1.1412114649681528,"{""bias_swing"": 10, ""ob_swing"": 10, ""sl_buffer"": 100, ""min_rr"": 1.5}"
23,2025-03-01,2025-04-01,FESH,2025-03-25 11:00:00+00:00,BUY,67.3,66.5,68.6,1.6,WIN_TP1,1.3812749999999994,"{""bias_swing"": 10, ""ob_swing"": 10, ""sl_buffer"": 100, ""min_rr"": 1.5}"
23,2025-03-01,2025-04-01,MAGN,2025-04-01 13:00:00+00:00,BUY,35.15,34.73,35.8,1.5,LOSS,-1.2175952380952373,"{""bias_swing"": 10, ""ob_swing"": 10, ""sl_buffer"": 100, ""min_rr"": 1.5}"
23,2025-03-01,2025-04-01,RUAL,2025-03-28 11:00:00+00:00,BUY,39.125,38.685,39.79,1.5,WIN_TP1,1.268806818181817,"{""bias_swing"": 10, ""ob_swing"": 10, ""sl_buffer"": 100, ""min_rr"": 1.5}"
23,2025-03-01,2025-04-01,RUAL,2025-03-29 07:00:00+00:00,BUY,38.74,38.37,39.79,2.8,LOSS,-1.2722270270270237,"{""bias_swing"": 10, ""ob_swing"": 10, ""sl_buffer"": 100, ""min_rr"": 1.5}"
23,2025-03-01,2025-04-01,SNGS,2025-03-20 12:00:00+00:00,BUY,25.93,25.695,26.45,2.2,WIN_TP1,1.9131148936170208,"{""bias_swing"": 10, ""ob_swing"": 10, ""sl_buffer"": 100, ""min_rr"": 1.5}"
23,2025-03-01,2025-04-01,SNGS,2025-03-24 07:00:00+00:00,BUY,25.93,25.695,26.415,2.1,WIN_TP1,1.8131148936170207,"{""bias_swing"": 10, ""ob_swing"": 10, ""sl_buffer"": 100, ""min_rr"": 1.5}"
23,2025-03-01,2025-04-01,SNGS,2025-03-24 07:00:00+00:00,BUY,26.03,25.81,26.415,1.7,WIN_TP1,1.3923727272727306,"{""bias_swing"": 10, ""ob_swing"": 10, ""sl_buffer"": 100, ""min_rr"": 1.5}"
23,2025-03-01,2025-04-01,SNGS,2025-03-27 12:00:00+00:00,BUY,26.03,25.81,26.415,1.7,LOSS,-1.3076272727272693,"{""bias_swing"": 10, ""ob_swing"": 10, ""sl_buffer"": 100, ""min_rr"": 1.5}"
23,2025-03-01,2025-04-01,SNGS,2025-03-27 13:00:00+00:00,BUY,25.93,25.695,26.415,2.1,LOSS,-1.2868851063829794,"{""bias_swing"": 10, ""ob_swing"": 10, ""sl_buffer"": 100, ""min_rr"": 1.5}"
24,2025-04-01,2025-05-01,ENPG,2025-04-29 12:00:00+00:00,BUY,432.89999,429.78999,438.0,1.6,WIN_TP1,1.238090040514471,"{""bias_swing"": 10, ""ob_swing"": 10, ""sl_buffer"": 100, ""min_rr"": 1.5}"
24,2025-04-01,2025-05-01,SNGSP,2025-04-04 13:00:00+00:00,SELL,53.21,53.47605,52.65,2.1,LOSS,-1.5200000000000002,"{""bias_swing"": 10, ""ob_swing"": 10, ""sl_buffer"": 100, ""min_rr"": 1.5}"
24,2025-04-01,2025-05-01,SNGSP,2025-04-10 12:00:00+00:00,SELL,53.23,53.51,52.65,2.1,WIN_TP1,1.6057214285714307,"{""bias_swing"": 10, ""ob_swing"": 10, ""sl_buffer"": 100, ""min_rr"": 1.5}"
24,2025-04-01,2025-05-01,SNGSP,2025-04-11 07:00:00+00:00,SELL,53.23,53.51,52.65,2.1,WIN_TP1,1.6057214285714307,"{""bias_swing"": 10, ""ob_swing"": 10, ""sl_buffer"": 100, ""min_rr"": 1.5}"
24,2025-04-01,2025-05-01,CHMF,2025-04-15 08:00:00+00:00,BUY,1023.20001,1005.99,1062.0,2.3,WIN_TP1,2.145420192899365,"{""bias_swing"": 10, ""ob_swing"": 10, ""sl_buffer"": 100, ""min_rr"": 1.5}"
24,2025-04-01,2025-05-01,CHMF,2025-04-16 08:00:00+00:00,BUY,1023.20001,1005.99,1052.0,1.7,WIN_TP1,1.545420192899365,"{""bias_swing"": 10, ""ob_swing"": 10, ""sl_buffer"": 100, ""min_rr"": 1.5}"
24,2025-04-01,2025-05-01,CHMF,2025-04-18 10:00:00+00:00,BUY,1023.20001,1005.99,1062.0,2.3,WIN_TP1,2.145420192899365,"{""bias_swing"": 10, ""ob_swing"": 10, ""sl_buffer"": 100, ""min_rr"": 1.5}"
24,2025-04-01,2025-05-01,AFKS,2025-04-04 10:00:00+00:00,BUY,16.0,15.682,16.48,1.5,LOSS,-1.1308176100628933,"{""bias_swing"": 10, ""ob_swing"": 10, ""sl_buffer"": 100, ""min_rr"": 1.5}"
24,2025-04-01,2025-05-01,AFKS,2025-04-25 10:00:00+00:00,BUY,16.045,15.96478,16.2,1.9,WIN_TP1,1.3799675891299081,"{""bias_swing"": 10, ""ob_swing"": 10, ""sl_buffer"": 100, ""min_rr"": 1.5}"
24,2025-04-01,2025-05-01,POSI,2025-04-13 07:00:00+00:00,SELL,1351.0,1373.20995,1302.2,2.2,WIN_TP1,2.041845659265329,"{""bias_swing"": 10, ""ob_swing"": 10, ""sl_buffer"": 100, ""min_rr"": 1.5}"
24,2025-04-01,2025-05-01,POSI,2025-04-14 07:00:00+00:00,SELL,1351.0,1373.20995,1317.4,1.5,WIN_TP1,1.3418456592653287,"{""bias_swing"": 10, ""ob_swing"": 10, ""sl_buffer"": 100, ""min_rr"": 1.5}"
24,2025-04-01,2025-05-01,POSI,2025-04-24 07:00:00+00:00,SELL,1351.0,1373.20995,1306.4,2.0,WIN_TP1,1.8418456592653287,"{""bias_swing"": 10, ""ob_swing"": 10, ""sl_buffer"": 100, ""min_rr"": 1.5}"
24,2025-04-01,2025-05-01,MAGN,2025-04-18 11:00:00+00:00,BUY,32.25,31.99,32.885,2.4,WIN_TP1,2.077500000000002,"{""bias_swing"": 10, ""ob_swing"": 10, ""sl_buffer"": 100, ""min_rr"": 1.5}"
24,2025-04-01,2025-05-01,ETLN,2025-04-09 10:00:00+00:00,BUY,54.96,53.65,59.68,3.6,WIN_TP1,3.490919083969466,"{""bias_swing"": 10, ""ob_swing"": 10, ""sl_buffer"": 100, ""min_rr"": 1.5}"
24,2025-04-01,2025-05-01,ETLN,2025-04-16 07:00:00+00:00,BUY,57.2,56.79,59.2,4.9,WIN_TP1,4.53726829268293,"{""bias_swing"": 10, ""ob_swing"": 10, ""sl_buffer"": 100, ""min_rr"": 1.5}"
24,2025-04-01,2025-05-01,RUAL,2025-04-29 14:00:00+00:00,BUY,34.125,33.84,34.555,1.5,LOSS,-1.311315789473688,"{""bias_swing"": 10, ""ob_swing"": 10, ""sl_buffer"": 100, ""min_rr"": 1.5}"
24,2025-04-01,2025-05-01,SNGS,2025-04-04 07:00:00+00:00,SELL,24.77,25.01,24.41,1.5,WIN_TP1,1.2316583333333355,"{""bias_swing"": 10, ""ob_swing"": 10, ""sl_buffer"": 100, ""min_rr"": 1.5}"
24,2025-04-01,2025-05-01,IRKT,2025-04-15 08:00:00+00:00,BUY,29.88,29.19,31.14,1.8,WIN_TP1,1.6874086956521737,"{""bias_swing"": 10, ""ob_swing"": 10, ""sl_buffer"": 100, ""min_rr"": 1.5}"
24,2025-04-01,2025-05-01,MGNT,2025-04-05 07:00:00+00:00,BUY,4408.0,4321.99,4598.5,2.2,LOSS,-1.1332496221369603,"{""bias_swing"": 10, ""ob_swing"": 10, ""sl_buffer"": 100, ""min_rr"": 1.5}"
25,2025-05-01,2025-06-01,NVTK,2025-05-03 07:00:00+00:00,BUY,1109.59998,1097.99,1138.4,2.5,LOSS,-1.248489657001994,"{""bias_swing"": 10, ""ob_swing"": 10, ""sl_buffer"": 100, ""min_rr"": 1.5}"
25,2025-05-01,2025-06-01,NVTK,2025-05-06 07:00:00+00:00,BUY,1067.80005,1044.79005,1108.0,1.7,WIN_TP1,1.579344627118644,"{""bias_swing"": 10, ""ob_swing"": 10, ""sl_buffer"": 100, ""min_rr"": 1.5}"
25,2025-05-01,2025-06-01,NVTK,2025-05-23 12:00:00+00:00,BUY,1077.0,1049.99,1133.6,2.1,LOSS,-1.1036727138097002,"{""bias_swing"": 10, ""ob_swing"": 10, ""sl_buffer"": 100, ""min_rr"": 1.5}"
25,2025-05-01,2025-06-01,RUAL,2025-05-21 09:00:00+00:00,BUY,32.1,31.835,32.935,3.2,LOSS,-1.3149433962264143,"{""bias_swing"": 10, ""ob_swing"": 10, ""sl_buffer"": 100, ""min_rr"": 1.5}"
25,2025-05-01,2025-06-01,SNGS,2025-05-29 10:00:00+00:00,SELL,22.445,22.625,22.085,2.0,WIN_TP1,1.675794444444444,"{""bias_swing"": 10, ""ob_swing"": 10, ""sl_buffer"": 100, ""min_rr"": 1.5}"
25,2025-05-01,2025-06-01,IRKT,2025-05-05 14:00:00+00:00,BUY,30.32,29.95,31.14,2.2,WIN_TP1,1.9869405405405414,"{""bias_swing"": 10, ""ob_swing"": 10, ""sl_buffer"": 100, ""min_rr"": 1.5}"
25,2025-05-01,2025-06-01,IRKT,2025-05-14 07:00:00+00:00,BUY,31.32,31.13,31.84,2.7,WIN_TP1,2.2714105263157927,"{""bias_swing"": 10, ""ob_swing"": 10, ""sl_buffer"": 100, ""min_rr"": 1.5}"
25,2025-05-01,2025-06-01,MGNT,2025-05-05 09:00:00+00:00,BUY,4286.0,4182.99,4518.0,2.3,LOSS,-1.108179788370061,"{""bias_swing"": 10, ""ob_swing"": 10, ""sl_buffer"": 100, ""min_rr"": 1.5}"
26,2025-06-01,2025-07-01,ENPG,2025-06-20 08:00:00+00:00,SELL,385.29999,388.30249,380.25,1.7,WIN_TP1,1.366351382514571,"{""bias_swing"": 10, ""ob_swing"": 10, ""sl_buffer"": 25, ""min_rr"": 1.5}"
26,2025-06-01,2025-07-01,OZON,2025-06-24 11:00:00+00:00,BUY,3663.5,3645.1825,3740.0,4.2,WIN_TP1,3.6800000000000033,"{""bias_swing"": 10, ""ob_swing"": 10, ""sl_buffer"": 25, ""min_rr"": 1.5}"
26,2025-06-01,2025-07-01,FLOT,2025-06-06 07:00:00+00:00,SELL,79.64,80.5025,77.66,2.3,WIN_TP1,2.059925797101448,"{""bias_swing"": 10, ""ob_swing"": 10, ""sl_buffer"": 25, ""min_rr"": 1.5}"
26,2025-06-01,2025-07-01,TRNFP,2025-07-01 07:00:00+00:00,BUY,1376.40002,1369.51802,1393.4,2.5,WIN_TP1,1.9799999924440617,"{""bias_swing"": 10, ""ob_swing"": 10, ""sl_buffer"": 25, ""min_rr"": 1.5}"
26,2025-06-01,2025-07-01,SNGSP,2025-06-14 13:00:00+00:00,SELL,51.785,52.04392,51.185,2.3,LOSS,-1.5200100417117188,"{""bias_swing"": 10, ""ob_swing"": 10, ""sl_buffer"": 25, ""min_rr"": 1.5}"
26,2025-06-01,2025-07-01,NLMK,2025-06-24 07:00:00+00:00,SELL,109.1,110.0425,107.58,1.6,WIN_TP1,1.299034482758624,"{""bias_swing"": 10, ""ob_swing"": 10, ""sl_buffer"": 25, ""min_rr"": 1.5}"
26,2025-06-01,2025-07-01,MAGN,2025-06-19 07:00:00+00:00,SELL,32.3,32.4925,32.02,1.5,WIN_TP1,1.0637402597402656,"{""bias_swing"": 10, ""ob_swing"": 10, ""sl_buffer"": 25, ""min_rr"": 1.5}"
26,2025-06-01,2025-07-01,MGNT,2025-06-10 07:00:00+00:00,SELL,3767.5,3786.3375,3727.0,2.1,WIN_TP1,1.5800000000000027,"{""bias_swing"": 10, ""ob_swing"": 10, ""sl_buffer"": 25, ""min_rr"": 1.5}"
27,2025-07-01,2025-08-01,ENPG,2025-07-25 10:00:00+00:00,SELL,436.5,438.76,430.5,2.7,WIN_TP1,2.1978318584070777,"{""bias_swing"": 10, ""ob_swing"": 10, ""sl_buffer"": 100, ""min_rr"": 1.5}"
27,2025-07-01,2025-08-01,OZON,2025-07-02 08:00:00+00:00,BUY,3887.5,3868.0625,3938.5,2.6,WIN_TP1,2.08,"{""bias_swing"": 10, ""ob_swing"": 10, ""sl_buffer"": 100, ""min_rr"": 1.5}"
27,2025-07-01,2025-08-01,OZON,2025-07-07 07:00:00+00:00,BUY,3887.5,3868.0625,3938.5,2.6,LOSS,-1.52,"{""bias_swing"": 10, ""ob_swing"": 10, ""sl_buffer"": 100, ""min_rr"": 1.5}"
27,2025-07-01,2025-08-01,OZON,2025-07-24 14:00:00+00:00,BUY,4212.0,4181.99,4300.0,2.9,WIN_TP1,2.535081639453518,"{""bias_swing"": 10, ""ob_swing"": 10, ""sl_buffer"": 100, ""min_rr"": 1.5}"
27,2025-07-01,2025-08-01,PHOR,2025-07-28 07:00:00+00:00,SELL,6418.0,6450.09,6362.0,1.7,WIN_TP1,1.1800000000000024,"{""bias_swing"": 10, ""ob_swing"": 10, ""sl_buffer"": 100, ""min_rr"": 1.5}"
27,2025-07-01,2025-08-01,AFKS,2025-07-08 07:00:00+00:00,BUY,15.239,15.16281,15.375,1.8,WIN_TP1,1.2799658747867202,"{""bias_swing"": 10, ""ob_swing"": 10, ""sl_buffer"": 100, ""min_rr"": 1.5}"
27,2025-07-01,2025-08-01,AFKS,2025-07-09 09:00:00+00:00,BUY,15.239,15.16281,15.375,1.8,WIN_TP1,1.2799658747867202,"{""bias_swing"": 10, ""ob_swing"": 10, ""sl_buffer"": 100, ""min_rr"": 1.5}"
27,2025-07-01,2025-08-01,AFKS,2025-07-24 07:00:00+00:00,BUY,16.23,16.063,16.595,2.2,LOSS,-1.2526826347305366,"{""bias_swing"": 10, ""ob_swing"": 10, ""sl_buffer"": 100, ""min_rr"": 1.5}"
27,2025-07-01,2025-08-01,NLMK,2025-07-10 07:00:00+00:00,SELL,109.56,110.19,108.02,2.4,WIN_TP1,1.9478476190476157,"{""bias_swing"": 10, ""ob_swing"": 10, ""sl_buffer"": 100, ""min_rr"": 1.5}"
27,2025-07-01,2025-08-01,MGNT,2025-07-17 07:00:00+00:00,SELL,3624.5,3642.6225,3595.5,1.6,WIN_TP1,1.0799999999999985,"{""bias_swing"": 10, ""ob_swing"": 10, ""sl_buffer"": 100, ""min_rr"": 1.5}"
27,2025-07-01,2025-08-01,MGNT,2025-07-18 08:00:00+00:00,SELL,3624.5,3642.6225,3595.5,1.6,WIN_TP1,1.0799999999999985,"{""bias_swing"": 10, ""ob_swing"": 10, ""sl_buffer"": 100, ""min_rr"": 1.5}"
27,2025-07-01,2025-08-01,MOEX,2025-08-01 07:00:00+00:00,SELL,175.73,176.60865,174.0,2.0,WIN_TP1,1.4800000000000129,"{""bias_swing"": 10, ""ob_swing"": 10, ""sl_buffer"": 100, ""min_rr"": 1.5}"
28,2025-08-01,2025-09-01,FESH,2025-08-07 09:00:00+00:00,SELL,61.13,61.6725,59.8,2.5,WIN_TP1,2.2070267281105975,"{""bias_swing"": 10, ""ob_swing"": 10, ""sl_buffer"": 25, ""min_rr"": 1.5}"
28,2025-08-01,2025-09-01,MOEX,2025-08-04 09:00:00+00:00,SELL,175.73,176.60865,174.0,2.0,LOSS,-1.5199999999999871,"{""bias_swing"": 10, ""ob_swing"": 10, ""sl_buffer"": 25, ""min_rr"": 1.5}"
30,2025-10-01,2025-11-01,ENPG,2025-10-09 07:00:00+00:00,BUY,389.35001,380.09751,405.95,1.8,WIN_TP1,1.6905906483653066,"{""bias_swing"": 10, ""ob_swing"": 10, ""sl_buffer"": 25, ""min_rr"": 1.5}"
30,2025-10-01,2025-11-01,ENPG,2025-10-15 07:00:00+00:00,BUY,389.35001,380.09751,405.95,1.8,WIN_TP1,1.6905906483653066,"{""bias_swing"": 10, ""ob_swing"": 10, ""sl_buffer"": 25, ""min_rr"": 1.5}"
30,2025-10-01,2025-11-01,ENPG,2025-10-16 07:00:00+00:00,BUY,385.54999,383.2475,391.45,2.6,WIN_TP1,2.1646322138206857,"{""bias_swing"": 10, ""ob_swing"": 10, ""sl_buffer"": 25, ""min_rr"": 1.5}"
30,2025-10-01,2025-11-01,ENPG,2025-10-31 13:00:00+00:00,BUY,375.14999,371.29749,381.85,1.7,LOSS,-1.2531836402336132,"{""bias_swing"": 10, ""ob_swing"": 10, ""sl_buffer"": 25, ""min_rr"": 1.5}"
30,2025-10-01,2025-11-01,NVTK,2025-10-24 07:00:00+00:00,SELL,1076.0,1083.40252,1055.2,2.8,WIN_TP1,2.422074644850677,"{""bias_swing"": 10, ""ob_swing"": 10, ""sl_buffer"": 25, ""min_rr"": 1.5}"
30,2025-10-01,2025-11-01,VKCO,2025-10-24 10:00:00+00:00,SELL,271.0,272.5025,265.3,3.8,WIN_TP1,3.331048252911813,"{""bias_swing"": 10, ""ob_swing"": 10, ""sl_buffer"": 25, ""min_rr"": 1.5}"
30,2025-10-01,2025-11-01,TRNFP,2025-10-09 08:00:00+00:00,BUY,1211.80005,1205.74105,1235.4,3.9,WIN_TP1,3.3799999785443116,"{""bias_swing"": 10, ""ob_swing"": 10, ""sl_buffer"": 25, ""min_rr"": 1.5}"
30,2025-10-01,2025-11-01,TRNFP,2025-10-15 07:00:00+00:00,BUY,1211.80005,1205.74105,1231.2,3.2,WIN_TP1,2.679999978544312,"{""bias_swing"": 10, ""ob_swing"": 10, ""sl_buffer"": 25, ""min_rr"": 1.5}"
30,2025-10-01,2025-11-01,AFKS,2025-10-03 07:00:00+00:00,SELL,13.208,13.3085,12.89,3.2,WIN_TP1,2.858300497512439,"{""bias_swing"": 10, ""ob_swing"": 10, ""sl_buffer"": 25, ""min_rr"": 1.5}"
30,2025-10-01,2025-11-01,AFKS,2025-10-08 07:00:00+00:00,SELL,13.208,13.3085,12.89,3.2,WIN_TP1,2.858300497512439,"{""bias_swing"": 10, ""ob_swing"": 10, ""sl_buffer"": 25, ""min_rr"": 1.5}"
30,2025-10-01,2025-11-01,AFKS,2025-10-24 07:00:00+00:00,SELL,13.7,13.8475,13.3,2.7,WIN_TP1,2.4585084745762726,"{""bias_swing"": 10, ""ob_swing"": 10, ""sl_buffer"": 25, ""min_rr"": 1.5}"
30,2025-10-01,2025-11-01,AFKS,2025-10-31 07:00:00+00:00,SELL,12.6,12.7125,12.38,2.0,WIN_TP1,1.7088000000000019,"{""bias_swing"": 10, ""ob_swing"": 10, ""sl_buffer"": 25, ""min_rr"": 1.5}"
30,2025-10-01,2025-11-01,NLMK,2025-10-10 08:00:00+00:00,SELL,105.26,106.1825,103.6,1.8,WIN_TP1,1.5033322493224932,"{""bias_swing"": 10, ""ob_swing"": 10, ""sl_buffer"": 25, ""min_rr"": 1.5}"
30,2025-10-01,2025-11-01,MAGN,2025-10-08 07:00:00+00:00,SELL,27.27,27.5475,26.725,2.0,WIN_TP1,1.7444972972972972,"{""bias_swing"": 10, ""ob_swing"": 10, ""sl_buffer"": 25, ""min_rr"": 1.5}"
30,2025-10-01,2025-11-01,SNGS,2025-10-06 10:00:00+00:00,SELL,20.96,21.1275,20.57,2.3,WIN_TP1,1.9746507462686573,"{""bias_swing"": 10, ""ob_swing"": 10, ""sl_buffer"": 25, ""min_rr"": 1.5}"
30,2025-10-01,2025-11-01,SNGS,2025-10-07 07:00:00+00:00,SELL,20.96,21.1275,20.57,2.3,LOSS,-1.3253492537313425,"{""bias_swing"": 10, ""ob_swing"": 10, ""sl_buffer"": 25, ""min_rr"": 1.5}"
30,2025-10-01,2025-11-01,MOEX,2025-10-08 07:00:00+00:00,SELL,165.0,165.96251,163.52,1.5,WIN_TP1,1.0542903450353804,"{""bias_swing"": 10, ""ob_swing"": 10, ""sl_buffer"": 25, ""min_rr"": 1.5}"
30,2025-10-01,2025-11-01,MOEX,2025-10-22 10:00:00+00:00,SELL,172.72,173.8925,169.39,2.8,WIN_TP1,2.4169961620469125,"{""bias_swing"": 10, ""ob_swing"": 10, ""sl_buffer"": 25, ""min_rr"": 1.5}"
31,2025-11-01,2025-12-01,ENPG,2025-11-13 14:00:00+00:00,BUY,385.29999,383.34751,389.3,2.0,WIN_TP1,1.4869192135130653,"{""bias_swing"": 10, ""ob_swing"": 10, ""sl_buffer"": 25, ""min_rr"": 1.5}"
31,2025-11-01,2025-12-01,NVTK,2025-11-18 07:00:00+00:00,BUY,1052.80005,1044.9975,1072.4,2.5,WIN_TP1,2.1491813407155402,"{""bias_swing"": 10, ""ob_swing"": 10, ""sl_buffer"": 25, ""min_rr"": 1.5}"
31,2025-11-01,2025-12-01,FLOT,2025-11-12 14:00:00+00:00,BUY,73.36,72.9932,74.27,2.5,LOSS,-1.5200000000000031,"{""bias_swing"": 10, ""ob_swing"": 10, ""sl_buffer"": 25, ""min_rr"": 1.5}"
31,2025-11-01,2025-12-01,VKCO,2025-11-24 07:00:00+00:00,SELL,276.60001,279.60251,270.6,2.0,WIN_TP1,1.7604795916736051,"{""bias_swing"": 10, ""ob_swing"": 10, ""sl_buffer"": 25, ""min_rr"": 1.5}"
31,2025-11-01,2025-12-01,CHMF,2025-11-17 08:00:00+00:00,SELL,862.0,866.31,855.6,1.5,WIN_TP1,0.9799999999999934,"{""bias_swing"": 10, ""ob_swing"": 10, ""sl_buffer"": 25, ""min_rr"": 1.5}"
31,2025-11-01,2025-12-01,CHMF,2025-11-25 12:00:00+00:00,SELL,938.40002,948.80249,917.6,2.0,WIN_TP1,1.765455699271423,"{""bias_swing"": 10, ""ob_swing"": 10, ""sl_buffer"": 25, ""min_rr"": 1.5}"
31,2025-11-01,2025-12-01,CHMF,2025-11-28 14:00:00+00:00,SELL,938.40002,948.80249,917.6,2.0,LOSS,-1.234544300728577,"{""bias_swing"": 10, ""ob_swing"": 10, ""sl_buffer"": 25, ""min_rr"": 1.5}"
31,2025-11-01,2025-12-01,PHOR,2025-11-17 07:00:00+00:00,BUY,6613.0,6579.935,6673.0,1.8,WIN_TP1,1.2799999999999938,"{""bias_swing"": 10, ""ob_swing"": 10, ""sl_buffer"": 25, ""min_rr"": 1.5}"
31,2025-11-01,2025-12-01,AFKS,2025-11-03 07:00:00+00:00,SELL,12.6,12.7125,12.38,2.0,WIN_TP1,1.7088000000000019,"{""bias_swing"": 10, ""ob_swing"": 10, ""sl_buffer"": 25, ""min_rr"": 1.5}"
31,2025-11-01,2025-12-01,AFKS,2025-11-10 07:00:00+00:00,SELL,13.01,13.1325,12.81,1.6,WIN_TP1,1.3238693877551033,"{""bias_swing"": 10, ""ob_swing"": 10, ""sl_buffer"": 25, ""min_rr"": 1.5}"
31,2025-11-01,2025-12-01,NLMK,2025-11-24 07:00:00+00:00,SELL,106.24,107.0025,103.26,3.9,WIN_TP1,3.537739016393444,"{""bias_swing"": 10, ""ob_swing"": 10, ""sl_buffer"": 25, ""min_rr"": 1.5}"
31,2025-11-01,2025-12-01,NLMK,2025-11-25 14:00:00+00:00,SELL,106.24,107.0025,103.26,3.9,LOSS,-1.362260983606556,"{""bias_swing"": 10, ""ob_swing"": 10, ""sl_buffer"": 25, ""min_rr"": 1.5}"
31,2025-11-01,2025-12-01,FESH,2025-11-29 07:00:00+00:00,SELL,52.59,53.2625,50.81,2.6,EXPIRED,,"{""bias_swing"": 10, ""ob_swing"": 10, ""sl_buffer"": 25, ""min_rr"": 1.5}"
31,2025-11-01,2025-12-01,FESH,2025-12-01 08:00:00+00:00,SELL,52.59,53.2625,51.0,2.4,EXPIRED,,"{""bias_swing"": 10, ""ob_swing"": 10, ""sl_buffer"": 25, ""min_rr"": 1.5}"
31,2025-11-01,2025-12-01,POSI,2025-11-06 07:00:00+00:00,SELL,1163.0,1176.60248,1136.0,2.0,WIN_TP1,1.777702301345049,"{""bias_swing"": 10, ""ob_swing"": 10, ""sl_buffer"": 25, ""min_rr"": 1.5}"
31,2025-11-01,2025-12-01,POSI,2025-11-07 07:00:00+00:00,SELL,1163.0,1176.60248,1131.2,2.3,LOSS,-1.222297698654951,"{""bias_swing"": 10, ""ob_swing"": 10, ""sl_buffer"": 25, ""min_rr"": 1.5}"
31,2025-11-01,2025-12-01,MAGN,2025-11-24 07:00:00+00:00,SELL,26.61,26.8025,25.93,3.5,WIN_TP1,3.140592207792206,"{""bias_swing"": 10, ""ob_swing"": 10, ""sl_buffer"": 25, ""min_rr"": 1.5}"
31,2025-11-01,2025-12-01,RUAL,2025-11-18 07:00:00+00:00,BUY,28.69,28.3875,29.355,2.2,WIN_TP1,1.9534082644628117,"{""bias_swing"": 10, ""ob_swing"": 10, ""sl_buffer"": 25, ""min_rr"": 1.5}"
31,2025-11-01,2025-12-01,MOEX,2025-11-21 07:00:00+00:00,SELL,172.72,173.8925,169.39,2.8,WIN_TP1,2.4169961620469125,"{""bias_swing"": 10, ""ob_swing"": 10, ""sl_buffer"": 25, ""min_rr"": 1.5}"
32,2025-12-01,2026-01-01,ENPG,2025-12-05 07:00:00+00:00,BUY,412.85001,410.78576,418.0,2.5,WIN_TP1,1.9799999874046303,"{""bias_swing"": 10, ""ob_swing"": 10, ""sl_buffer"": 25, ""min_rr"": 1.5}"
32,2025-12-01,2026-01-01,ENPG,2025-12-23 09:00:00+00:00,BUY,437.89999,435.71049,442.95,2.3,WIN_TP1,1.7800000118748593,"{""bias_swing"": 10, ""ob_swing"": 10, ""sl_buffer"": 25, ""min_rr"": 1.5}"
32,2025-12-01,2026-01-01,NVTK,2025-12-16 07:00:00+00:00,BUY,1212.59998,1205.79755,1225.0,1.8,WIN_TP1,1.3365244555254492,"{""bias_swing"": 10, ""ob_swing"": 10, ""sl_buffer"": 25, ""min_rr"": 1.5}"
32,2025-12-01,2026-01-01,FLOT,2025-12-04 07:00:00+00:00,SELL,80.0,80.7925,78.1,2.4,LOSS,-1.2624605678233425,"{""bias_swing"": 10, ""ob_swing"": 10, ""sl_buffer"": 25, ""min_rr"": 1.5}"
32,2025-12-01,2026-01-01,AFKS,2025-12-17 11:00:00+00:00,BUY,14.111,14.0025,14.415,2.8,LOSS,-1.3381437788018398,"{""bias_swing"": 10, ""ob_swing"": 10, ""sl_buffer"": 25, ""min_rr"": 1.5}"
32,2025-12-01,2026-01-01,POSI,2025-12-26 12:00:00+00:00,SELL,1003.59998,1008.61798,995.0,1.7,LOSS,-1.5199999896373027,"{""bias_swing"": 10, ""ob_swing"": 10, ""sl_buffer"": 25, ""min_rr"": 1.5}"
32,2025-12-01,2026-01-01,MAGN,2025-12-27 07:00:00+00:00,SELL,28.565,28.7225,28.18,2.4,LOSS,-1.4715492063492097,"{""bias_swing"": 10, ""ob_swing"": 10, ""sl_buffer"": 25, ""min_rr"": 1.5}"
32,2025-12-01,2026-01-01,RUAL,2025-12-17 14:00:00+00:00,BUY,32.645,32.48178,32.91,1.6,WIN_TP1,1.0799840705795942,"{""bias_swing"": 10, ""ob_swing"": 10, ""sl_buffer"": 25, ""min_rr"": 1.5}"
32,2025-12-01,2026-01-01,SNGS,2025-12-19 07:00:00+00:00,SELL,22.835,23.0025,22.5,2.0,WIN_TP1,1.6455462686567173,"{""bias_swing"": 10, ""ob_swing"": 10, ""sl_buffer"": 25, ""min_rr"": 1.5}"
32,2025-12-01,2026-01-01,MGNT,2025-12-19 07:00:00+00:00,SELL,3216.0,3237.0025,3177.0,1.9,WIN_TP1,1.5018759671467692,"{""bias_swing"": 10, ""ob_swing"": 10, ""sl_buffer"": 25, ""min_rr"": 1.5}"
33,2026-01-01,2026-02-01,ENPG,2026-01-13 07:00:00+00:00,BUY,474.79999,470.54749,484.3,2.2,WIN_TP1,1.9097048855967078,"{""bias_swing"": 10, ""ob_swing"": 10, ""sl_buffer"": 25, ""min_rr"": 1.5}"
33,2026-01-01,2026-02-01,ENPG,2026-01-19 07:00:00+00:00,BUY,492.0,489.54,496.7,1.9,WIN_TP1,1.3799999999999957,"{""bias_swing"": 10, ""ob_swing"": 10, ""sl_buffer"": 25, ""min_rr"": 1.5}"
33,2026-01-01,2026-02-01,NVTK,2026-01-15 07:00:00+00:00,BUY,1143.0,1137.285,1159.0,2.8,WIN_TP1,2.2799999999999923,"{""bias_swing"": 10, ""ob_swing"": 10, ""sl_buffer"": 25, ""min_rr"": 1.5}"
33,2026-01-01,2026-02-01,SNGSP,2026-01-12 07:00:00+00:00,BUY,42.24,41.9225,42.9,2.1,WIN_TP1,1.7540976377952784,"{""bias_swing"": 10, ""ob_swing"": 10, ""sl_buffer"": 25, ""min_rr"": 1.5}"
33,2026-01-01,2026-02-01,SNGSP,2026-01-15 14:00:00+00:00,BUY,42.24,41.9225,42.9,2.1,WIN_TP1,1.7540976377952784,"{""bias_swing"": 10, ""ob_swing"": 10, ""sl_buffer"": 25, ""min_rr"": 1.5}"
33,2026-01-01,2026-02-01,SNGSP,2026-01-21 07:00:00+00:00,BUY,42.24,41.9225,42.84,1.9,WIN_TP1,1.5540976377952782,"{""bias_swing"": 10, ""ob_swing"": 10, ""sl_buffer"": 25, ""min_rr"": 1.5}"
33,2026-01-01,2026-02-01,CHMF,2026-01-12 08:00:00+00:00,SELL,951.20001,956.20251,942.8,1.7,WIN_TP1,1.20562318320839,"{""bias_swing"": 10, ""ob_swing"": 10, ""sl_buffer"": 25, ""min_rr"": 1.5}"
33,2026-01-01,2026-02-01,RUAL,2026-01-13 07:00:00+00:00,BUY,36.35,36.1225,36.88,2.3,WIN_TP1,1.8845714285714268,"{""bias_swing"": 10, ""ob_swing"": 10, ""sl_buffer"": 25, ""min_rr"": 1.5}"
33,2026-01-01,2026-02-01,RUAL,2026-01-21 07:00:00+00:00,BUY,38.91,38.71545,39.635,3.7,WIN_TP1,3.179999999999999,"{""bias_swing"": 10, ""ob_swing"": 10, ""sl_buffer"": 25, ""min_rr"": 1.5}"
33,2026-01-01,2026-02-01,IRKT,2026-01-30 08:00:00+00:00,BUY,26.66,26.5267,27.0,2.6,WIN_TP1,2.079999999999994,"{""bias_swing"": 10, ""ob_swing"": 10, ""sl_buffer"": 25, ""min_rr"": 1.5}"
33,2026-01-01,2026-02-01,MOEX,2026-01-05 07:00:00+00:00,BUY,170.46001,169.60771,171.83,1.6,WIN_TP1,1.079999969494318,"{""bias_swing"": 10, ""ob_swing"": 10, ""sl_buffer"": 25, ""min_rr"": 1.5}"
34,2026-02-01,2026-03-01,NVTK,2026-02-09 11:00:00+00:00,BUY,1143.0,1137.285,1159.0,2.8,WIN_TP1,2.2799999999999923,"{""bias_swing"": 10, ""ob_swing"": 10, ""sl_buffer"": 25, ""min_rr"": 1.5}"
34,2026-02-01,2026-03-01,NVTK,2026-02-11 07:00:00+00:00,BUY,1145.90002,1140.17052,1159.0,2.3,WIN_TP1,1.7799999909241773,"{""bias_swing"": 10, ""ob_swing"": 10, ""sl_buffer"": 25, ""min_rr"": 1.5}"
34,2026-02-01,2026-03-01,SNGSP,2026-02-17 14:00:00+00:00,BUY,42.445,42.1025,42.965,1.5,LOSS,-1.322210218978101,"{""bias_swing"": 10, ""ob_swing"": 10, ""sl_buffer"": 25, ""min_rr"": 1.5}"
34,2026-02-01,2026-03-01,SNGSP,2026-02-25 07:00:00+00:00,BUY,42.17,41.95915,42.555,1.8,WIN_TP1,1.2800000000000016,"{""bias_swing"": 10, ""ob_swing"": 10, ""sl_buffer"": 25, ""min_rr"": 1.5}"
34,2026-02-01,2026-03-01,IRKT,2026-02-02 07:00:00+00:00,BUY,26.66,26.5267,27.0,2.6,WIN_TP1,2.079999999999994,"{""bias_swing"": 10, ""ob_swing"": 10, ""sl_buffer"": 25, ""min_rr"": 1.5}"
36,2026-04-01,2026-05-01,PHOR,2026-04-27 07:00:00+00:00,BUY,6880.0,6825.9975,7038.0,2.9,LOSS,-1.3312439238924147,"{""bias_swing"": 10, ""ob_swing"": 10, ""sl_buffer"": 25, ""min_rr"": 1.5}"
36,2026-04-01,2026-05-01,IRKT,2026-04-21 13:00:00+00:00,SELL,23.48,23.6425,23.22,1.6,WIN_TP1,1.2243199999999952,"{""bias_swing"": 10, ""ob_swing"": 10, ""sl_buffer"": 25, ""min_rr"": 1.5}"
37,2026-05-01,2026-06-01,ENPG,2026-05-20 07:00:00+00:00,SELL,394.89999,397.0025,391.0,1.9,WIN_TP1,1.4116598855653468,"{""bias_swing"": 10, ""ob_swing"": 10, ""sl_buffer"": 25, ""min_rr"": 1.5}"
37,2026-05-01,2026-06-01,FLOT,2026-05-04 09:00:00+00:00,BUY,79.11,78.4375,80.3,1.8,WIN_TP1,1.4941472118959105,"{""bias_swing"": 10, ""ob_swing"": 10, ""sl_buffer"": 25, ""min_rr"": 1.5}"
37,2026-05-01,2026-06-01,FLOT,2026-06-01 11:00:00+00:00,BUY,81.89,81.1175,83.27,1.8,EXPIRED,,"{""bias_swing"": 10, ""ob_swing"": 10, ""sl_buffer"": 25, ""min_rr"": 1.5}"
37,2026-05-01,2026-06-01,SNGSP,2026-05-13 10:00:00+00:00,BUY,41.49,41.1075,42.06,1.5,LOSS,-1.2820235294117646,"{""bias_swing"": 10, ""ob_swing"": 10, ""sl_buffer"": 25, ""min_rr"": 1.5}"
37,2026-05-01,2026-06-01,SNGSP,2026-05-14 07:00:00+00:00,BUY,41.49,41.1075,42.06,1.5,LOSS,-1.2820235294117646,"{""bias_swing"": 10, ""ob_swing"": 10, ""sl_buffer"": 25, ""min_rr"": 1.5}"
37,2026-05-01,2026-06-01,CHMF,2026-05-22 07:00:00+00:00,SELL,764.79999,770.0025,753.6,2.2,WIN_TP1,1.8177844974829513,"{""bias_swing"": 10, ""ob_swing"": 10, ""sl_buffer"": 25, ""min_rr"": 1.5}"
37,2026-05-01,2026-06-01,CHMF,2026-05-28 08:00:00+00:00,SELL,709.40002,713.20251,699.0,2.7,WIN_TP1,2.214938881627555,"{""bias_swing"": 10, ""ob_swing"": 10, ""sl_buffer"": 25, ""min_rr"": 1.5}"
37,2026-05-01,2026-06-01,PHOR,2026-05-18 07:00:00+00:00,BUY,6619.0,6541.9975,6772.0,2.0,LOSS,-1.223491445082953,"{""bias_swing"": 10, ""ob_swing"": 10, ""sl_buffer"": 25, ""min_rr"": 1.5}"
37,2026-05-01,2026-06-01,FESH,2026-06-01 07:00:00+00:00,BUY,67.25,66.8375,68.45,2.9,WIN_TP1,2.476121212121206,"{""bias_swing"": 10, ""ob_swing"": 10, ""sl_buffer"": 25, ""min_rr"": 1.5}"
37,2026-05-01,2026-06-01,POSI,2026-05-07 07:00:00+00:00,BUY,984.79999,979.19751,997.4,2.2,WIN_TP1,1.742973830517915,"{""bias_swing"": 10, ""ob_swing"": 10, ""sl_buffer"": 25, ""min_rr"": 1.5}"
37,2026-05-01,2026-06-01,MAGN,2026-05-18 09:00:00+00:00,SELL,25.235,25.36118,25.02,1.7,WIN_TP1,1.180020605484235,"{""bias_swing"": 10, ""ob_swing"": 10, ""sl_buffer"": 25, ""min_rr"": 1.5}"
37,2026-05-01,2026-06-01,MGNT,2026-05-11 10:00:00+00:00,SELL,2572.5,2588.0025,2495.0,5.0,WIN_TP1,4.5685534591194985,"{""bias_swing"": 10, ""ob_swing"": 10, ""sl_buffer"": 25, ""min_rr"": 1.5}"
38,2026-06-01,2026-07-01,NVTK,2026-06-22 07:00:00+00:00,SELL,988.29999,997.30249,974.4,1.5,WIN_TP1,1.2145704000000017,"{""bias_swing"": 10, ""ob_swing"": 10, ""sl_buffer"": 25, ""min_rr"": 1.5}"
38,2026-06-01,2026-07-01,OZON,2026-06-08 07:00:00+00:00,SELL,3806.5,3839.0025,3742.5,2.0,WIN_TP1,1.6955034228136303,"{""bias_swing"": 10, ""ob_swing"": 10, ""sl_buffer"": 25, ""min_rr"": 1.5}"
38,2026-06-01,2026-07-01,OZON,2026-06-16 07:00:00+00:00,SELL,3936.5,3970.5025,3849.0,2.6,WIN_TP1,2.298995662083671,"{""bias_swing"": 10, ""ob_swing"": 10, ""sl_buffer"": 25, ""min_rr"": 1.5}"
38,2026-06-01,2026-07-01,FLOT,2026-06-09 07:00:00+00:00,BUY,80.14,79.7393,80.73,1.5,WIN_TP1,0.9800000000000006,"{""bias_swing"": 10, ""ob_swing"": 10, ""sl_buffer"": 25, ""min_rr"": 1.5}"
38,2026-06-01,2026-07-01,VKCO,2026-06-26 12:00:00+00:00,SELL,207.2,211.90249,199.95,1.5,WIN_TP1,1.3854394161391095,"{""bias_swing"": 10, ""ob_swing"": 10, ""sl_buffer"": 25, ""min_rr"": 1.5}"
38,2026-06-01,2026-07-01,CHMF,2026-06-02 13:00:00+00:00,SELL,709.40002,713.20251,699.0,2.7,WIN_TP1,2.214938881627555,"{""bias_swing"": 10, ""ob_swing"": 10, ""sl_buffer"": 25, ""min_rr"": 1.5}"
38,2026-06-01,2026-07-01,CHMF,2026-06-03 10:00:00+00:00,SELL,709.40002,713.20251,699.0,2.7,WIN_TP1,2.214938881627555,"{""bias_swing"": 10, ""ob_swing"": 10, ""sl_buffer"": 25, ""min_rr"": 1.5}"
38,2026-06-01,2026-07-01,CHMF,2026-06-19 08:00:00+00:00,SELL,652.40002,658.20251,643.2,1.6,WIN_TP1,1.307670318776935,"{""bias_swing"": 10, ""ob_swing"": 10, ""sl_buffer"": 25, ""min_rr"": 1.5}"
38,2026-06-01,2026-07-01,AFKS,2026-06-17 07:00:00+00:00,SELL,13.273,13.4925,12.929,1.6,WIN_TP1,1.4427799544419135,"{""bias_swing"": 10, ""ob_swing"": 10, ""sl_buffer"": 25, ""min_rr"": 1.5}"
38,2026-06-01,2026-07-01,NLMK,2026-06-02 07:00:00+00:00,BUY,79.02,78.3775,80.04,1.6,WIN_TP1,1.2802303501945518,"{""bias_swing"": 10, ""ob_swing"": 10, ""sl_buffer"": 25, ""min_rr"": 1.5}"
38,2026-06-01,2026-07-01,NLMK,2026-06-03 14:00:00+00:00,BUY,79.02,78.3775,79.96,1.5,LOSS,-1.3197696498054483,"{""bias_swing"": 10, ""ob_swing"": 10, ""sl_buffer"": 25, ""min_rr"": 1.5}"
38,2026-06-01,2026-07-01,NLMK,2026-06-15 12:00:00+00:00,BUY,72.2,71.6975,73.1,1.8,WIN_TP1,1.4264278606965157,"{""bias_swing"": 10, ""ob_swing"": 10, ""sl_buffer"": 25, ""min_rr"": 1.5}"
38,2026-06-01,2026-07-01,NLMK,2026-06-16 13:00:00+00:00,BUY,72.2,71.6975,73.14,1.9,LOSS,-1.3735721393034843,"{""bias_swing"": 10, ""ob_swing"": 10, ""sl_buffer"": 25, ""min_rr"": 1.5}"
38,2026-06-01,2026-07-01,FESH,2026-06-28 07:00:00+00:00,SELL,56.79,57.7025,54.92,2.0,LOSS,-1.1618126027397258,"{""bias_swing"": 10, ""ob_swing"": 10, ""sl_buffer"": 25, ""min_rr"": 1.5}"
38,2026-06-01,2026-07-01,POSI,2026-06-03 07:00:00+00:00,SELL,899.0,912.60248,864.2,2.6,LOSS,-1.1718363122018924,"{""bias_swing"": 10, ""ob_swing"": 10, ""sl_buffer"": 25, ""min_rr"": 1.5}"
38,2026-06-01,2026-07-01,POSI,2026-06-08 07:00:00+00:00,SELL,897.40002,903.0025,884.2,2.4,WIN_TP1,1.983534425468722,"{""bias_swing"": 10, ""ob_swing"": 10, ""sl_buffer"": 25, ""min_rr"": 1.5}"
38,2026-06-01,2026-07-01,MAGN,2026-06-16 07:00:00+00:00,SELL,21.68,21.9225,21.255,1.8,WIN_TP1,1.5675546391752575,"{""bias_swing"": 10, ""ob_swing"": 10, ""sl_buffer"": 25, ""min_rr"": 1.5}"
38,2026-06-01,2026-07-01,SNGS,2026-06-28 10:00:00+00:00,SELL,16.33,16.5525,15.96,1.7,WIN_TP1,1.5091775280898878,"{""bias_swing"": 10, ""ob_swing"": 10, ""sl_buffer"": 25, ""min_rr"": 1.5}"
38,2026-06-01,2026-07-01,IRKT,2026-06-24 07:00:00+00:00,SELL,16.84,17.2025,15.8,2.9,WIN_TP1,2.7792165517241383,"{""bias_swing"": 10, ""ob_swing"": 10, ""sl_buffer"": 25, ""min_rr"": 1.5}"
38,2026-06-01,2026-07-01,MOEX,2026-06-26 12:00:00+00:00,SELL,165.42,166.2471,162.88,3.1,WIN_TP1,2.580000000000001,"{""bias_swing"": 10, ""ob_swing"": 10, ""sl_buffer"": 25, ""min_rr"": 1.5}"
